time,pos_x,pos_y,pos_z,rot_x,rot_y,rot_z,forward_direction
382.2498,-0.304045,1.162306,0.205614,332.4437,26.53098,359.2925,(0.4_ 0.5_ 0.8)
382.2498,-0.299471,1.162229,0.203296,332.2585,29.27431,358.9437,(0.4_ 0.5_ 0.8)
382.2498,-0.299016,1.162272,0.203331,332.1591,29.56758,358.8437,(0.4_ 0.5_ 0.8)
382.2498,-0.299015,1.162279,0.20313,332.2075,29.52296,358.7969,(0.4_ 0.5_ 0.8)
382.2498,-0.298898,1.162233,0.203043,332.1622,29.55191,358.7725,(0.4_ 0.5_ 0.8)
382.2498,-0.298839,1.162221,0.202865,332.1765,29.54115,358.7517,(0.4_ 0.5_ 0.8)
382.2498,-0.298752,1.162211,0.202751,332.1613,29.55536,358.7062,(0.4_ 0.5_ 0.8)
382.2498,-0.298702,1.162208,0.202662,332.1526,29.57167,358.6689,(0.4_ 0.5_ 0.8)
382.2498,-0.298634,1.162222,0.202575,332.1463,29.54192,358.6346,(0.4_ 0.5_ 0.8)
382.2498,-0.29859,1.1622,0.202447,332.1281,29.52833,358.6334,(0.4_ 0.5_ 0.8)
382.2498,-0.298574,1.162207,0.202315,332.1241,29.52265,358.5914,(0.4_ 0.5_ 0.8)
382.2498,-0.298569,1.162231,0.202228,332.1231,29.50136,358.5569,(0.4_ 0.5_ 0.8)
382.2498,-0.298555,1.162238,0.202098,332.1109,29.46111,358.5541,(0.4_ 0.5_ 0.8)
382.2498,-0.298572,1.16224,0.201956,332.1082,29.44272,358.5544,(0.4_ 0.5_ 0.8)
382.2498,-0.298598,1.162269,0.201865,332.1088,29.37956,358.567,(0.4_ 0.5_ 0.8)
382.2498,-0.298662,1.162284,0.201754,332.1021,29.32985,358.5888,(0.4_ 0.5_ 0.8)
382.2498,-0.298742,1.162326,0.201743,332.1049,29.24339,358.6487,(0.4_ 0.5_ 0.8)
382.2498,-0.298884,1.162361,0.201682,332.1306,29.07859,358.7118,(0.4_ 0.5_ 0.8)
382.2498,-0.299054,1.16236,0.20163,332.183,28.94213,358.7627,(0.4_ 0.5_ 0.8)
382.2498,-0.299248,1.162373,0.201593,332.2537,28.76063,358.7993,(0.4_ 0.5_ 0.8)
382.2498,-0.299434,1.162354,0.201583,332.3013,28.49775,358.8575,(0.4_ 0.5_ 0.8)
382.2498,-0.299651,1.162356,0.201623,332.3623,28.24915,358.9314,(0.4_ 0.5_ 0.8)
382.2498,-0.299917,1.162349,0.201637,332.4355,27.94597,358.9636,(0.4_ 0.5_ 0.8)
382.2498,-0.30018,1.162327,0.201715,332.5091,27.63393,359.0501,(0.4_ 0.5_ 0.8)
382.2498,-0.300491,1.162306,0.201782,332.6095,27.28052,359.1082,(0.4_ 0.5_ 0.8)
382.2498,-0.300787,1.162296,0.201967,332.6976,26.90034,359.177,(0.4_ 0.5_ 0.8)
382.2498,-0.301113,1.162307,0.202107,332.7942,26.47209,359.2251,(0.4_ 0.5_ 0.8)
382.2498,-0.301434,1.162321,0.202257,332.872,26.03995,359.2836,(0.4_ 0.5_ 0.8)
382.2498,-0.301744,1.162351,0.202458,332.9625,25.5898,359.3506,(0.4_ 0.5_ 0.8)
382.2498,-0.302067,1.162345,0.202688,333.036,25.12689,359.4037,(0.4_ 0.5_ 0.8)
382.2498,-0.302361,1.16233,0.202918,333.1486,24.60963,359.4824,(0.4_ 0.5_ 0.8)
382.2498,-0.302696,1.162302,0.203154,333.3086,24.08049,359.5273,(0.4_ 0.4_ 0.8)
382.2498,-0.302975,1.162232,0.203465,333.4471,23.50949,359.6258,(0.4_ 0.4_ 0.8)
382.2498,-0.303316,1.162213,0.203767,333.6726,22.90989,359.6869,(0.3_ 0.4_ 0.8)
382.2498,-0.30366,1.162179,0.204161,333.8853,22.29382,359.7511,(0.3_ 0.4_ 0.8)
382.2498,-0.304027,1.16214,0.204492,334.1659,21.60928,359.8206,(0.3_ 0.4_ 0.8)
382.2498,-0.30442,1.162117,0.204879,334.449,20.94746,359.8713,(0.3_ 0.4_ 0.8)
382.2498,-0.304775,1.162073,0.205289,334.6932,20.20518,359.9459,(0.3_ 0.4_ 0.8)
382.2498,-0.305206,1.162064,0.205668,335.0014,19.49621,359.992,(0.3_ 0.4_ 0.9)
382.2498,-0.305605,1.162037,0.206047,335.3239,18.75891,0.067384,(0.3_ 0.4_ 0.9)
382.2498,-0.30602,1.161958,0.206372,335.7114,17.99487,0.166772,(0.3_ 0.4_ 0.9)
382.2498,-0.306419,1.161828,0.20676,336.0863,17.22051,0.270178,(0.3_ 0.4_ 0.9)
382.2498,-0.306867,1.161689,0.207085,336.5858,16.465,0.395571,(0.3_ 0.4_ 0.9)
382.2498,-0.307316,1.161543,0.207418,337.0848,15.68828,0.502588,(0.2_ 0.4_ 0.9)
382.2498,-0.30778,1.16141,0.207706,337.5802,14.89104,0.569291,(0.2_ 0.4_ 0.9)
382.2498,-0.308243,1.161301,0.207981,338.0353,14.12587,0.637876,(0.2_ 0.4_ 0.9)
382.2498,-0.308727,1.161245,0.208285,338.4845,13.36418,0.692372,(0.2_ 0.4_ 0.9)
382.2498,-0.309219,1.161184,0.208518,338.907,12.59229,0.740661,(0.2_ 0.4_ 0.9)
382.2498,-0.309709,1.161079,0.208759,339.3289,11.81372,0.795426,(0.2_ 0.4_ 0.9)
382.2498,-0.31026,1.160903,0.208981,339.752,11.04311,0.818701,(0.2_ 0.3_ 0.9)
382.2498,-0.310816,1.160679,0.209244,340.1723,10.28207,0.86365,(0.2_ 0.3_ 0.9)
382.2498,-0.311364,1.160453,0.209418,340.6557,9.47559,0.899582,(0.2_ 0.3_ 0.9)
382.2498,-0.311928,1.160205,0.20961,341.1249,8.675225,0.937931,(0.1_ 0.3_ 0.9)
382.2498,-0.312479,1.159948,0.209683,341.6259,7.812517,0.958318,(0.1_ 0.3_ 0.9)
382.2498,-0.313042,1.159728,0.209859,342.0887,6.996788,0.992461,(0.1_ 0.3_ 0.9)
382.2498,-0.313638,1.159567,0.210018,342.5202,6.182467,0.98317,(0.1_ 0.3_ 0.9)
382.2498,-0.314143,1.159444,0.210165,342.9038,5.298982,0.998131,(0.1_ 0.3_ 1.0)
382.2498,-0.3147,1.15932,0.2103,343.269,4.507642,1.022977,(0.1_ 0.3_ 1.0)
382.2498,-0.3152,1.159157,0.210437,343.6525,3.692873,1.054912,(0.1_ 0.3_ 1.0)
382.2498,-0.315647,1.158931,0.210512,344.0806,2.844876,1.107374,(0.0_ 0.3_ 1.0)
382.2498,-0.316155,1.158727,0.210593,344.57,2.065822,1.121374,(0.0_ 0.3_ 1.0)
382.2498,-0.316623,1.158463,0.210637,345.0775,1.297282,1.152543,(0.0_ 0.3_ 1.0)
382.2498,-0.317111,1.158199,0.210652,345.6358,0.545204,1.12067,(0.0_ 0.2_ 1.0)
382.2498,-0.317586,1.157991,0.210671,346.2038,359.849,1.081395,(0.0_ 0.2_ 1.0)
382.2498,-0.318009,1.157821,0.210646,346.7693,359.1589,1.049565,(0.0_ 0.2_ 1.0)
382.2498,-0.318421,1.157667,0.210634,347.2916,358.5179,1.013826,(0.0_ 0.2_ 1.0)
382.2498,-0.318802,1.157511,0.210596,347.7984,357.9354,0.97229,(0.0_ 0.2_ 1.0)
382.2498,-0.319178,1.157312,0.210588,348.2836,357.3586,0.951321,(0.0_ 0.2_ 1.0)
382.2498,-0.319552,1.157043,0.210582,348.7451,356.8605,0.917591,(-0.1_ 0.2_ 1.0)
382.2498,-0.319894,1.156789,0.210512,349.295,356.3938,0.867635,(-0.1_ 0.2_ 1.0)
382.2498,-0.320223,1.156487,0.210465,349.8383,355.9477,0.816896,(-0.1_ 0.2_ 1.0)
382.2498,-0.320562,1.156149,0.210422,350.381,355.5597,0.732564,(-0.1_ 0.2_ 1.0)
382.2498,-0.320774,1.155857,0.210333,350.953,355.0984,0.651035,(-0.1_ 0.2_ 1.0)
382.2498,-0.321035,1.155546,0.210294,351.4964,354.744,0.531958,(-0.1_ 0.1_ 1.0)
382.2498,-0.321263,1.155252,0.210266,352.0133,354.3977,0.409979,(-0.1_ 0.1_ 1.0)
382.2498,-0.321495,1.154964,0.210265,352.4979,354.1089,0.276767,(-0.1_ 0.1_ 1.0)
382.2498,-0.321655,1.15467,0.210258,352.9593,353.8083,0.182671,(-0.1_ 0.1_ 1.0)
382.2498,-0.321807,1.154343,0.21027,353.3837,353.5602,0.049802,(-0.1_ 0.1_ 1.0)
382.2498,-0.32194,1.154004,0.210258,353.8506,353.3562,359.9254,(-0.1_ 0.1_ 1.0)
382.2498,-0.322052,1.15364,0.21023,354.3388,353.1587,359.8004,(-0.1_ 0.1_ 1.0)
382.2498,-0.322146,1.153253,0.210161,354.8351,352.9868,359.6707,(-0.1_ 0.1_ 1.0)
382.2498,-0.322245,1.152847,0.210125,355.3619,352.8456,359.5332,(-0.1_ 0.1_ 1.0)
382.2498,-0.322309,1.152444,0.210095,355.8794,352.6951,359.4305,(-0.1_ 0.1_ 1.0)
382.2498,-0.322379,1.152094,0.210088,356.3981,352.5535,359.2905,(-0.1_ 0.1_ 1.0)
382.2498,-0.32243,1.151818,0.210101,356.8566,352.4229,359.1567,(-0.1_ 0.1_ 1.0)
382.2498,-0.322422,1.151619,0.210149,357.2264,352.3246,359.0831,(-0.1_ 0.0_ 1.0)
382.2498,-0.322436,1.151412,0.210222,357.5089,352.2748,358.9783,(-0.1_ 0.0_ 1.0)
382.2498,-0.322416,1.151166,0.210332,357.7448,352.2635,358.9143,(-0.1_ 0.0_ 1.0)
382.2498,-0.322409,1.150946,0.210388,358.0138,352.2746,358.821,(-0.1_ 0.0_ 1.0)
382.2498,-0.32241,1.150756,0.21041,358.278,352.3524,358.7588,(-0.1_ 0.0_ 1.0)
382.2498,-0.322339,1.15057,0.210425,358.5388,352.3575,358.6943,(-0.1_ 0.0_ 1.0)
382.2498,-0.322306,1.150362,0.210487,358.7897,352.4252,358.6691,(-0.1_ 0.0_ 1.0)
382.2498,-0.32229,1.150189,0.21051,359.0607,352.5213,358.6491,(-0.1_ 0.0_ 1.0)
382.2498,-0.322237,1.149983,0.210573,359.2974,352.5774,358.6227,(-0.1_ 0.0_ 1.0)
382.2498,-0.322204,1.149839,0.210581,359.5852,352.667,358.6,(-0.1_ 0.0_ 1.0)
382.2498,-0.322157,1.149651,0.210592,359.7852,352.7467,358.5821,(-0.1_ 0.0_ 1.0)
382.2498,-0.322118,1.149494,0.210631,359.9751,352.8208,358.5467,(-0.1_ 0.0_ 1.0)
382.2498,-0.322077,1.14935,0.210621,0.114441,352.9055,358.5154,(-0.1_ 0.0_ 1.0)
382.2498,-0.322023,1.149276,0.210578,0.284319,352.9588,358.4574,(-0.1_ 0.0_ 1.0)
382.2498,-0.321973,1.14916,0.210551,0.409456,353.0124,358.3965,(-0.1_ 0.0_ 1.0)
382.2498,-0.321975,1.149042,0.210571,0.539062,353.1012,358.334,(-0.1_ 0.0_ 1.0)
382.2498,-0.321937,1.14891,0.210541,0.644601,353.1437,358.2767,(-0.1_ 0.0_ 1.0)
382.2498,-0.321953,1.148788,0.210519,0.791962,353.2183,358.2244,(-0.1_ 0.0_ 1.0)
382.2498,-0.321939,1.148683,0.210434,0.965422,353.2487,358.1584,(-0.1_ 0.0_ 1.0)
382.2498,-0.321919,1.148533,0.210337,1.125409,353.2985,358.1324,(-0.1_ 0.0_ 1.0)
382.2498,-0.3219,1.148383,0.210298,1.325593,353.3369,358.1037,(-0.1_ 0.0_ 1.0)
382.2498,-0.321833,1.148256,0.210136,1.510873,353.3492,358.0667,(-0.1_ 0.0_ 1.0)
382.2498,-0.32188,1.148098,0.210094,1.715784,353.4312,358.0276,(-0.1_ 0.0_ 1.0)
382.2498,-0.321853,1.147977,0.210008,1.927034,353.4424,357.9803,(-0.1_ 0.0_ 1.0)
382.2498,-0.321887,1.147815,0.209991,2.129302,353.4992,357.9616,(-0.1_ 0.0_ 1.0)
382.2498,-0.321932,1.14768,0.209938,2.34389,353.5562,357.9255,(-0.1_ 0.0_ 1.0)
382.2498,-0.321952,1.147499,0.209932,2.520805,353.5738,357.9071,(-0.1_ 0.0_ 1.0)
382.2498,-0.32201,1.147359,0.209934,2.71524,353.6237,357.8897,(-0.1_ 0.0_ 1.0)
382.2498,-0.322034,1.147214,0.209917,2.857825,353.6465,357.8612,(-0.1_ 0.0_ 1.0)
382.2498,-0.322071,1.14709,0.209945,3.001939,353.6612,357.8268,(-0.1_ -0.1_ 1.0)
382.2498,-0.322102,1.147007,0.20984,3.151677,353.705,357.806,(-0.1_ -0.1_ 1.0)
382.2498,-0.322169,1.146878,0.209839,3.283983,353.7479,357.7614,(-0.1_ -0.1_ 1.0)
382.2498,-0.322216,1.146754,0.209811,3.426239,353.7872,357.7422,(-0.1_ -0.1_ 1.0)
382.2498,-0.32228,1.146603,0.209785,3.544143,353.824,357.6921,(-0.1_ -0.1_ 1.0)
382.2498,-0.322372,1.146426,0.209809,3.675826,353.8745,357.6439,(-0.1_ -0.1_ 1.0)
382.2498,-0.322404,1.14628,0.20977,3.859646,353.8942,357.6224,(-0.1_ -0.1_ 1.0)
382.2498,-0.322457,1.146137,0.209694,4.0529,353.938,357.5886,(-0.1_ -0.1_ 1.0)
382.2498,-0.322515,1.145927,0.20971,4.234709,353.9834,357.5759,(-0.1_ -0.1_ 1.0)
382.2498,-0.322512,1.145793,0.209643,4.442247,353.9826,357.5583,(-0.1_ -0.1_ 1.0)
382.2498,-0.32256,1.145645,0.209652,4.648665,354.0204,357.5431,(-0.1_ -0.1_ 1.0)
382.2498,-0.32258,1.145503,0.209623,4.830612,354.0513,357.5471,(-0.1_ -0.1_ 1.0)
382.2498,-0.322646,1.14538,0.209656,4.999578,354.0907,357.507,(-0.1_ -0.1_ 1.0)
382.2498,-0.3227,1.145251,0.209722,5.102758,354.119,357.4693,(-0.1_ -0.1_ 1.0)
382.2498,-0.322767,1.145191,0.209697,5.209834,354.1721,357.4343,(-0.1_ -0.1_ 1.0)
382.2498,-0.322807,1.145156,0.209672,5.284274,354.199,357.4022,(-0.1_ -0.1_ 1.0)
382.2498,-0.322892,1.145131,0.20966,5.331117,354.2488,357.3563,(-0.1_ -0.1_ 1.0)
382.2498,-0.322922,1.145113,0.209681,5.36755,354.2288,357.3156,(-0.1_ -0.1_ 1.0)
382.2498,-0.323016,1.145094,0.209645,5.383013,354.2931,357.3114,(-0.1_ -0.1_ 1.0)
382.2498,-0.323086,1.145081,0.209664,5.386666,354.301,357.2884,(-0.1_ -0.1_ 1.0)
382.2498,-0.323154,1.145062,0.209724,5.389588,354.3176,357.3035,(-0.1_ -0.1_ 1.0)
382.2498,-0.323185,1.145023,0.20986,5.366241,354.2934,357.2939,(-0.1_ -0.1_ 1.0)
382.2498,-0.32329,1.145096,0.209769,5.332438,354.3136,357.2909,(-0.1_ -0.1_ 1.0)
382.2498,-0.32338,1.145237,0.209533,5.272021,354.3398,357.2962,(-0.1_ -0.1_ 1.0)
382.2498,-0.32348,1.145326,0.209385,5.180472,354.3577,357.3185,(-0.1_ -0.1_ 1.0)
382.2498,-0.323581,1.145437,0.209269,5.142922,354.3661,357.3031,(-0.1_ -0.1_ 1.0)
382.2498,-0.323678,1.145517,0.209191,5.077493,354.3594,357.2997,(-0.1_ -0.1_ 1.0)
382.2498,-0.323787,1.145632,0.209053,5.009378,354.3621,357.2738,(-0.1_ -0.1_ 1.0)
382.2498,-0.32388,1.145755,0.20895,4.963792,354.3538,357.2723,(-0.1_ -0.1_ 1.0)
382.2498,-0.324011,1.145821,0.208876,4.88479,354.391,357.3042,(-0.1_ -0.1_ 1.0)
382.2498,-0.324122,1.145906,0.208738,4.814828,354.4044,357.3209,(-0.1_ -0.1_ 1.0)
382.2498,-0.324199,1.146003,0.208592,4.795403,354.392,357.3478,(-0.1_ -0.1_ 1.0)
382.2498,-0.324295,1.146127,0.208359,4.772542,354.4113,357.3686,(-0.1_ -0.1_ 1.0)
382.2498,-0.324418,1.146175,0.208214,4.732402,354.4275,357.3677,(-0.1_ -0.1_ 1.0)
382.2498,-0.324518,1.146232,0.208058,4.707121,354.4369,357.3972,(-0.1_ -0.1_ 1.0)
382.2498,-0.324664,1.146331,0.207856,4.681326,354.4792,357.4352,(-0.1_ -0.1_ 1.0)
382.2498,-0.324768,1.146386,0.207683,4.626193,354.4727,357.4602,(-0.1_ -0.1_ 1.0)
382.2498,-0.324897,1.146487,0.207473,4.609723,354.502,357.5082,(-0.1_ -0.1_ 1.0)
382.2498,-0.325018,1.146543,0.207317,4.550878,354.5009,357.5424,(-0.1_ -0.1_ 1.0)
382.2498,-0.32516,1.146662,0.207118,4.518608,354.5235,357.5718,(-0.1_ -0.1_ 1.0)
382.2498,-0.32528,1.146733,0.206922,4.414811,354.5222,357.6007,(-0.1_ -0.1_ 1.0)
382.2498,-0.325375,1.146856,0.206708,4.36763,354.5006,357.6532,(-0.1_ -0.1_ 1.0)
382.2498,-0.32551,1.146948,0.206547,4.296099,354.4906,357.6818,(-0.1_ -0.1_ 1.0)
382.2498,-0.325629,1.147047,0.206367,4.216174,354.462,357.7083,(-0.1_ -0.1_ 1.0)
382.2498,-0.325737,1.147132,0.206189,4.147961,354.4358,357.777,(-0.1_ -0.1_ 1.0)
382.2498,-0.325886,1.147229,0.206022,4.079917,354.4049,357.7831,(-0.1_ -0.1_ 1.0)
382.2498,-0.325989,1.147322,0.205832,4.009488,354.3398,357.8065,(-0.1_ -0.1_ 1.0)
382.2498,-0.326142,1.147391,0.205679,3.950085,354.3096,357.8322,(-0.1_ -0.1_ 1.0)
382.2498,-0.326285,1.147473,0.205494,3.88704,354.2673,357.8384,(-0.1_ -0.1_ 1.0)
382.2498,-0.326381,1.147543,0.205286,3.822255,354.181,357.8527,(-0.1_ -0.1_ 1.0)
382.2498,-0.326522,1.147604,0.205092,3.760951,354.1403,357.869,(-0.1_ -0.1_ 1.0)
382.2498,-0.326643,1.147635,0.204933,3.708253,354.0741,357.8998,(-0.1_ -0.1_ 1.0)
382.2498,-0.326771,1.147696,0.204741,3.67589,354.0149,357.9133,(-0.1_ -0.1_ 1.0)
382.2498,-0.326896,1.147768,0.204529,3.633501,353.955,357.937,(-0.1_ -0.1_ 1.0)
382.2498,-0.326981,1.147815,0.204336,3.585613,353.8623,357.978,(-0.1_ -0.1_ 1.0)
382.2498,-0.327127,1.14787,0.204127,3.538744,353.8247,358.0025,(-0.1_ -0.1_ 1.0)
382.2498,-0.327266,1.147898,0.203941,3.502912,353.7905,358.0483,(-0.1_ -0.1_ 1.0)
382.2498,-0.327359,1.147951,0.203696,3.477216,353.7112,358.0714,(-0.1_ -0.1_ 1.0)
382.2498,-0.327469,1.148007,0.203443,3.478063,353.6582,358.1039,(-0.1_ -0.1_ 1.0)
382.2498,-0.32758,1.148054,0.203166,3.448186,353.625,358.1443,(-0.1_ -0.1_ 1.0)
382.2498,-0.327686,1.148093,0.202905,3.413131,353.5929,358.1852,(-0.1_ -0.1_ 1.0)
382.2498,-0.327734,1.148152,0.202621,3.394258,353.524,358.2342,(-0.1_ -0.1_ 1.0)
382.2498,-0.327816,1.148196,0.20235,3.331976,353.4813,358.2587,(-0.1_ -0.1_ 1.0)
382.2498,-0.327885,1.148251,0.202076,3.281777,353.4566,358.3196,(-0.1_ -0.1_ 1.0)
382.2498,-0.327951,1.148323,0.201771,3.213115,353.4123,358.3405,(-0.1_ -0.1_ 1.0)
382.2498,-0.32798,1.148394,0.201463,3.156237,353.3805,358.4152,(-0.1_ -0.1_ 1.0)
382.2498,-0.328036,1.148457,0.201159,3.083722,353.354,358.4308,(-0.1_ -0.1_ 1.0)
382.2498,-0.328061,1.148537,0.200827,3.033638,353.3309,358.477,(-0.1_ -0.1_ 1.0)
382.2498,-0.328105,1.148582,0.200518,2.971879,353.3251,358.4831,(-0.1_ -0.1_ 1.0)
382.2498,-0.32812,1.148634,0.200174,2.941845,353.3,358.4895,(-0.1_ -0.1_ 1.0)
382.2498,-0.328076,1.148701,0.199776,2.893313,353.2453,358.4929,(-0.1_ -0.1_ 1.0)
382.2498,-0.328108,1.148776,0.199424,2.880181,353.2663,358.489,(-0.1_ -0.1_ 1.0)
382.2498,-0.328093,1.148833,0.199148,2.875002,353.2549,358.5014,(-0.1_ -0.1_ 1.0)
382.2498,-0.3281,1.148876,0.198838,2.844362,353.2551,358.4866,(-0.1_ 0.0_ 1.0)
382.2498,-0.328112,1.148929,0.198457,2.797667,353.2785,358.4764,(-0.1_ 0.0_ 1.0)
382.2498,-0.328094,1.148964,0.198231,2.790958,353.2696,358.4715,(-0.1_ 0.0_ 1.0)
382.2498,-0.328074,1.149003,0.197937,2.762687,353.277,358.4856,(-0.1_ 0.0_ 1.0)
382.2498,-0.328039,1.149057,0.197476,2.698983,353.307,358.5249,(-0.1_ 0.0_ 1.0)
382.2498,-0.328031,1.14911,0.197264,2.686152,353.3058,358.5021,(-0.1_ 0.0_ 1.0)
382.2498,-0.328011,1.149145,0.197016,2.646643,353.3129,358.5047,(-0.1_ 0.0_ 1.0)
382.2498,-0.32799,1.149182,0.196805,2.612949,353.3242,358.508,(-0.1_ 0.0_ 1.0)
382.2498,-0.327999,1.149228,0.196625,2.572208,353.3466,358.4911,(-0.1_ 0.0_ 1.0)
382.261,-0.327975,1.149704,0.274919,2.511662,353.3683,358.4858,(-0.1_ 0.0_ 1.0)
382.2724,-0.327989,1.149753,0.354172,2.456849,353.3826,358.4728,(-0.1_ 0.0_ 1.0)
382.2857,-0.327834,1.152095,0.445703,2.441026,353.3731,358.4507,(-0.1_ 0.0_ 1.0)
382.2961,-0.327826,1.152112,0.519032,2.368996,353.3682,358.4673,(-0.1_ 0.0_ 1.0)
382.3047,-0.32773,1.153671,0.577787,2.342916,353.3744,358.4562,(-0.1_ 0.0_ 1.0)
382.3162,-0.327718,1.153644,0.657935,2.275483,353.369,358.4655,(-0.1_ 0.0_ 1.0)
382.3267,-0.327565,1.155617,0.729291,2.305872,353.3661,358.4537,(-0.1_ 0.0_ 1.0)
382.3415,-0.327543,1.155664,0.832898,2.325724,353.3582,358.4422,(-0.1_ 0.0_ 1.0)
382.3499,-0.327557,1.155515,0.891744,2.27912,353.3499,358.4443,(-0.1_ 0.0_ 1.0)
382.3602,-0.327576,1.155166,0.965577,2.273919,353.3469,358.4059,(-0.1_ 0.0_ 1.0)
382.3716,-0.327573,1.154908,1.044856,2.253549,353.3356,358.4097,(-0.1_ 0.0_ 1.0)
382.3827,-0.327553,1.155534,1.121796,2.218987,353.3494,358.4014,(-0.1_ 0.0_ 1.0)
382.394,-0.327567,1.155257,1.200402,2.158982,353.353,358.3835,(-0.1_ 0.0_ 1.0)
382.4048,-0.327521,1.156701,1.272184,2.095809,353.3396,358.3826,(-0.1_ 0.0_ 1.0)
382.4165,-0.32754,1.156377,1.354408,2.006145,353.3821,358.4001,(-0.1_ 0.0_ 1.0)
382.4274,-0.327483,1.158628,1.423724,1.948838,353.3639,358.4135,(-0.1_ 0.0_ 1.0)
382.4385,-0.327449,1.158319,1.501518,1.890614,353.3445,358.4157,(-0.1_ 0.0_ 1.0)
382.4493,-0.327431,1.160657,1.567215,1.847266,353.3309,358.4436,(-0.1_ 0.0_ 1.0)
382.4609,-0.327401,1.160333,1.647709,1.815039,353.3415,358.4504,(-0.1_ 0.0_ 1.0)
382.4723,-0.327378,1.159882,1.727725,1.74596,353.3594,358.4472,(-0.1_ 0.0_ 1.0)
382.4831,-0.32732,1.160039,1.800042,1.718779,353.3525,358.4321,(-0.1_ 0.0_ 1.0)
382.4943,-0.327258,1.159536,1.878789,1.70802,353.3383,358.4488,(-0.1_ 0.0_ 1.0)
382.5052,-0.327167,1.160334,1.948757,1.618001,353.3275,358.4589,(-0.1_ 0.0_ 1.0)
382.5168,-0.327123,1.159857,2.02992,1.593062,353.3403,358.467,(-0.1_ 0.0_ 1.0)
382.5272,-0.327074,1.160909,2.093688,1.467329,353.3493,358.4626,(-0.1_ 0.0_ 1.0)
382.5419,-0.326988,1.160683,2.194243,1.365443,353.3513,358.4781,(-0.1_ 0.0_ 1.0)
382.5498,-0.326951,1.160428,2.249704,1.287579,353.3949,358.5033,(-0.1_ 0.0_ 1.0)
382.5606,-0.326828,1.160173,2.32414,1.187315,353.3629,358.5327,(-0.1_ 0.0_ 1.0)
382.5722,-0.326722,1.159796,2.405584,1.110757,353.3593,358.5515,(-0.1_ 0.0_ 1.0)
382.5831,-0.326654,1.159956,2.478029,0.999994,353.3742,358.5866,(-0.1_ 0.0_ 1.0)
382.5942,-0.32656,1.159685,2.55553,0.937589,353.3531,358.5722,(-0.1_ 0.0_ 1.0)
382.6053,-0.326501,1.160072,2.626073,0.789825,353.3562,358.6016,(-0.1_ 0.0_ 1.0)
382.6168,-0.326387,1.159832,2.706781,0.710944,353.3174,358.5988,(-0.1_ 0.0_ 1.0)
382.6276,-0.326334,1.160307,2.772732,0.557771,353.315,358.6258,(-0.1_ 0.0_ 1.0)
382.6388,-0.326252,1.160128,2.851849,0.458326,353.2842,358.6046,(-0.1_ 0.0_ 1.0)
382.6498,-0.32624,1.160594,2.916441,0.316084,353.2826,358.5939,(-0.1_ 0.0_ 1.0)
382.6609,-0.326196,1.160525,2.993018,0.179694,353.2484,358.558,(-0.1_ 0.0_ 1.0)
382.6719,-0.326131,1.160368,3.070263,0.01104,353.1955,358.5363,(-0.1_ 0.0_ 1.0)
382.6832,-0.326099,1.160432,3.145488,359.8722,353.1442,358.5181,(-0.1_ 0.0_ 1.0)
382.6945,-0.326107,1.160377,3.22461,359.6609,353.1012,358.4508,(-0.1_ 0.0_ 1.0)
382.7054,-0.326095,1.160577,3.294464,359.3391,353.0516,358.4284,(-0.1_ 0.0_ 1.0)
382.7169,-0.326103,1.16065,3.374989,358.9393,352.9847,358.3376,(-0.1_ 0.0_ 1.0)
382.7276,-0.32612,1.160969,3.440386,358.5093,352.899,358.2372,(-0.1_ 0.0_ 1.0)
382.7424,-0.326123,1.161132,3.541097,358.0577,352.8189,358.144,(-0.1_ 0.0_ 1.0)
382.7501,-0.326148,1.161322,3.595131,357.6442,352.7509,358.0766,(-0.1_ 0.0_ 1.0)
382.7607,-0.326144,1.161539,3.668778,357.2383,352.6504,358.0442,(-0.1_ 0.0_ 1.0)
382.772,-0.326155,1.16177,3.747686,356.8728,352.565,358.0185,(-0.1_ 0.1_ 1.0)
382.7832,-0.326205,1.162008,3.822231,356.409,352.4975,358.0013,(-0.1_ 0.1_ 1.0)
382.7945,-0.326259,1.162269,3.901681,355.9852,352.4286,357.9928,(-0.1_ 0.1_ 1.0)
382.8052,-0.326357,1.16245,3.970384,355.5383,352.3888,358.0204,(-0.1_ 0.1_ 1.0)
382.8169,-0.326392,1.162715,4.051835,355.1565,352.2667,358.006,(-0.1_ 0.1_ 1.0)
382.8276,-0.326527,1.162863,4.117772,354.7343,352.1938,358.04,(-0.1_ 0.1_ 1.0)
382.8389,-0.326679,1.163106,4.197502,354.3546,352.1498,358.0607,(-0.1_ 0.1_ 1.0)
382.85,-0.326856,1.163224,4.262926,353.9295,352.0927,358.08,(-0.1_ 0.1_ 1.0)
382.8669,-0.326979,1.163376,4.372912,353.5631,351.9865,358.1234,(-0.1_ 0.1_ 1.0)
382.872,-0.32715,1.163594,4.409004,353.2248,351.8897,358.1649,(-0.1_ 0.1_ 1.0)
382.8846,-0.327319,1.163752,4.491403,352.9495,351.779,358.2162,(-0.1_ 0.1_ 1.0)
382.8957,-0.327523,1.163943,4.569405,352.6419,351.6917,358.2529,(-0.1_ 0.1_ 1.0)
382.906,-0.327753,1.164032,4.634974,352.386,351.5989,358.3111,(-0.1_ 0.1_ 1.0)
382.9177,-0.327994,1.164178,4.717247,352.0903,351.5175,358.3634,(-0.1_ 0.1_ 1.0)
382.928,-0.328168,1.164293,4.779469,351.8479,351.3822,358.4089,(-0.1_ 0.1_ 1.0)
382.9427,-0.328247,1.164488,4.879702,351.5934,351.243,358.4387,(-0.2_ 0.1_ 1.0)
382.9504,-0.328506,1.16466,4.93405,351.3861,351.1077,358.4561,(-0.2_ 0.1_ 1.0)
382.9612,-0.329198,1.164625,5.00859,351.2169,350.9832,358.5272,(-0.2_ 0.2_ 1.0)
382.9728,-0.329426,1.164643,5.089715,351.0684,350.8207,358.5582,(-0.2_ 0.2_ 1.0)
382.9836,-0.329178,1.164764,5.161582,350.9744,350.6942,358.5754,(-0.2_ 0.2_ 1.0)
382.995,-0.329405,1.164761,5.241693,350.8661,350.5321,358.6219,(-0.2_ 0.2_ 1.0)
383.0055,-0.330088,1.164626,5.308608,350.7811,350.4139,358.6615,(-0.2_ 0.2_ 1.0)
383.0171,-0.330339,1.164646,5.390546,350.7403,350.2869,358.6753,(-0.2_ 0.2_ 1.0)
383.0276,-0.330257,1.164643,5.455492,350.6805,350.1591,358.7039,(-0.2_ 0.2_ 1.0)
383.0392,-0.33051,1.164652,5.537143,350.6523,350.0307,358.7238,(-0.2_ 0.2_ 1.0)
383.0504,-0.330993,1.164584,5.603229,350.6207,349.8821,358.7606,(-0.2_ 0.2_ 1.0)
383.0612,-0.330961,1.16468,5.677863,350.6336,349.7618,358.7773,(-0.2_ 0.2_ 1.0)
383.0723,-0.331228,1.164628,5.756328,350.6026,349.6657,358.8482,(-0.2_ 0.2_ 1.0)
383.0835,-0.332061,1.164443,5.830589,350.6061,349.4936,358.9109,(-0.2_ 0.2_ 1.0)
383.0947,-0.332314,1.164417,5.909592,350.6339,349.3774,358.9836,(-0.2_ 0.2_ 1.0)
383.1053,-0.332014,1.164442,5.978389,350.6242,349.2433,359.037,(-0.2_ 0.2_ 1.0)
383.1169,-0.332272,1.164389,6.059703,350.6429,349.1304,359.0974,(-0.2_ 0.2_ 1.0)
383.1277,-0.332927,1.164243,6.126429,350.6829,348.9739,359.1813,(-0.2_ 0.2_ 1.0)
383.1392,-0.333178,1.164197,6.207419,350.708,348.8527,359.2341,(-0.2_ 0.2_ 1.0)
383.1534,-0.333135,1.164106,6.291225,350.746,348.6945,359.2662,(-0.2_ 0.2_ 1.0)
383.161,-0.333613,1.164012,6.344235,350.8024,348.5299,359.3305,(-0.2_ 0.2_ 1.0)
383.1722,-0.333879,1.163951,6.423107,350.7991,348.4145,359.3412,(-0.2_ 0.2_ 1.0)
383.1833,-0.333312,1.1641,6.497523,350.7888,348.2536,359.33,(-0.2_ 0.2_ 1.0)
383.1942,-0.333571,1.164098,6.574657,350.8089,348.1332,359.3433,(-0.2_ 0.2_ 1.0)
383.2056,-0.334431,1.163933,6.648015,350.8063,347.9341,359.4038,(-0.2_ 0.2_ 1.0)
383.2171,-0.334663,1.163943,6.72884,350.7912,347.7653,359.4138,(-0.2_ 0.2_ 1.0)
383.2276,-0.334366,1.164028,6.793617,350.7817,347.6205,359.4506,(-0.2_ 0.2_ 1.0)
383.2391,-0.334587,1.16407,6.875063,350.8098,347.4515,359.4654,(-0.2_ 0.2_ 1.0)
383.2499,-0.335187,1.164041,6.939359,350.8611,347.2632,359.5444,(-0.2_ 0.2_ 1.0)
383.2614,-0.334941,1.164164,7.018363,350.8801,347.1179,359.5598,(-0.2_ 0.2_ 1.0)
383.2723,-0.335108,1.164162,7.09523,350.9217,346.924,359.6397,(-0.2_ 0.2_ 1.0)
383.2833,-0.336186,1.163913,7.168833,350.9854,346.7131,359.7531,(-0.2_ 0.2_ 1.0)
383.2944,-0.336365,1.163884,7.246926,351.0381,346.5236,359.8043,(-0.2_ 0.2_ 1.0)
383.3055,-0.335744,1.164005,7.318372,351.0749,346.3474,359.8524,(-0.2_ 0.2_ 1.0)
383.3174,-0.335876,1.164003,7.402426,351.1379,346.1584,359.9327,(-0.2_ 0.2_ 1.0)
383.3282,-0.336634,1.163864,7.468386,351.1499,345.9621,359.9846,(-0.2_ 0.2_ 1.0)
383.3395,-0.33673,1.163883,7.547633,351.1977,345.7609,0.026087,(-0.2_ 0.2_ 1.0)
383.3533,-0.336442,1.163821,7.628939,351.2147,345.558,0.097529,(-0.2_ 0.2_ 1.0)
383.3612,-0.336905,1.163715,7.683106,351.2291,345.3841,0.164255,(-0.2_ 0.2_ 1.0)
383.3724,-0.336955,1.163712,7.761495,351.2526,345.2072,0.214346,(-0.3_ 0.2_ 1.0)
383.3838,-0.335972,1.163968,7.837507,351.2532,345.0516,0.216262,(-0.3_ 0.2_ 1.0)
383.3948,-0.33603,1.16396,7.914373,351.2517,344.913,0.254007,(-0.3_ 0.2_ 1.0)
383.4055,-0.336873,1.163773,7.983434,351.2861,344.7388,0.332509,(-0.3_ 0.2_ 1.0)
383.4172,-0.336902,1.16379,8.065373,351.3236,344.6454,0.368554,(-0.3_ 0.2_ 1.0)
383.4279,-0.336175,1.163858,8.130774,351.304,344.5082,0.368322,(-0.3_ 0.2_ 1.0)
383.439,-0.336195,1.163847,8.208974,351.319,344.4356,0.393641,(-0.3_ 0.2_ 1.0)
383.4499,-0.336688,1.163795,8.273457,351.3365,344.3494,0.435398,(-0.3_ 0.2_ 1.0)
383.4616,-0.336011,1.163988,8.353819,351.3603,344.2639,0.437346,(-0.3_ 0.2_ 1.0)
383.4729,-0.335986,1.163981,8.433436,351.3609,344.2278,0.47418,(-0.3_ 0.2_ 1.0)
383.4836,-0.337045,1.163666,8.504351,351.3806,344.1472,0.565348,(-0.3_ 0.1_ 1.0)
383.4947,-0.337008,1.163629,8.582123,351.3805,344.1229,0.588405,(-0.3_ 0.1_ 1.0)
383.5054,-0.335968,1.163851,8.650737,351.4122,344.0775,0.560673,(-0.3_ 0.1_ 1.0)
383.5175,-0.335915,1.163837,8.735353,351.4243,344.0647,0.58656,(-0.3_ 0.1_ 1.0)
383.528,-0.336634,1.163681,8.799714,351.4583,344.0385,0.638266,(-0.3_ 0.1_ 1.0)
383.539,-0.336561,1.163674,8.877055,351.5047,344.0211,0.658062,(-0.3_ 0.1_ 1.0)
383.5504,-0.335899,1.163668,8.944424,351.5796,343.9871,0.681312,(-0.3_ 0.1_ 1.0)
383.5645,-0.336362,1.163514,9.038429,351.6338,343.9668,0.718774,(-0.3_ 0.1_ 1.0)
383.5724,-0.336258,1.163488,9.093634,351.7134,343.9406,0.744177,(-0.3_ 0.1_ 1.0)
383.5838,-0.335144,1.163669,9.168942,351.744,343.935,0.72274,(-0.3_ 0.1_ 1.0)
383.5949,-0.335075,1.163616,9.246959,351.7899,343.9416,0.719756,(-0.3_ 0.1_ 1.0)
383.6057,-0.33603,1.163319,9.316163,351.8542,343.946,0.776358,(-0.3_ 0.1_ 1.0)
383.6172,-0.335903,1.163253,9.396741,351.8929,343.9232,0.79814,(-0.3_ 0.1_ 1.0)
383.628,-0.334983,1.16332,9.462727,351.9015,343.9312,0.790499,(-0.3_ 0.1_ 1.0)
383.6396,-0.334857,1.163265,9.543804,351.9628,343.9378,0.811848,(-0.3_ 0.1_ 1.0)
383.6502,-0.335439,1.163163,9.606136,351.959,343.9509,0.82661,(-0.3_ 0.1_ 1.0)
383.6613,-0.334556,1.163318,9.682722,352.0047,343.9538,0.812753,(-0.3_ 0.1_ 1.0)
383.6728,-0.334401,1.163274,9.763227,352.0546,343.9339,0.842285,(-0.3_ 0.1_ 1.0)
383.6836,-0.335739,1.16286,9.83457,352.0705,343.9254,0.926905,(-0.3_ 0.1_ 1.0)
383.695,-0.335611,1.162803,9.914378,352.1144,343.932,0.957219,(-0.3_ 0.1_ 1.0)
383.7057,-0.334342,1.163016,9.982959,352.1588,343.9399,0.903552,(-0.3_ 0.1_ 1.0)
383.7176,-0.334166,1.162954,10.06649,352.2382,343.934,0.929129,(-0.3_ 0.1_ 1.0)
383.7283,-0.335,1.162743,10.13147,352.2471,343.9175,0.944077,(-0.3_ 0.1_ 1.0)
383.7395,-0.334857,1.162691,10.20979,352.299,343.9113,0.936445,(-0.3_ 0.1_ 1.0)
383.7506,-0.334117,1.162648,10.27493,352.3573,343.9249,0.913512,(-0.3_ 0.1_ 1.0)
383.7653,-0.334559,1.162475,10.37174,352.427,343.9055,0.93205,(-0.3_ 0.1_ 1.0)
383.7728,-0.334479,1.162421,10.42452,352.485,343.9286,0.899858,(-0.3_ 0.1_ 1.0)
383.7838,-0.333173,1.162621,10.49741,352.5131,343.9213,0.8272,(-0.3_ 0.1_ 1.0)
383.7949,-0.333052,1.162557,10.57485,352.6098,343.9372,0.808796,(-0.3_ 0.1_ 1.0)
383.8056,-0.334188,1.162177,10.64341,352.6836,343.9338,0.838895,(-0.3_ 0.1_ 1.0)
383.8175,-0.334069,1.162151,10.72628,352.7983,343.9498,0.783204,(-0.3_ 0.1_ 1.0)
383.8282,-0.332919,1.16222,10.79183,352.8644,343.9872,0.74645,(-0.3_ 0.1_ 1.0)
383.8394,-0.332807,1.162161,10.87036,352.9683,344.026,0.700059,(-0.3_ 0.1_ 1.0)
383.8506,-0.333382,1.162045,10.93611,353.0521,344.0612,0.667069,(-0.3_ 0.1_ 1.0)
383.8618,-0.332427,1.162204,11.01212,353.1417,344.1228,0.568761,(-0.3_ 0.1_ 1.0)
383.8726,-0.332273,1.162161,11.08804,353.2616,344.1764,0.551382,(-0.3_ 0.1_ 1.0)
383.8839,-0.333841,1.161669,11.16223,353.3575,344.2569,0.563191,(-0.3_ 0.1_ 1.0)
383.8949,-0.33373,1.161636,11.23956,353.4684,344.3647,0.487201,(-0.3_ 0.1_ 1.0)
383.9056,-0.332172,1.161901,11.30738,353.565,344.4679,0.336969,(-0.3_ 0.1_ 1.0)
383.9177,-0.332045,1.161883,11.39232,353.6668,344.5718,0.239191,(-0.3_ 0.1_ 1.0)
383.928,-0.333117,1.161662,11.45487,353.769,344.6935,0.179592,(-0.3_ 0.1_ 1.0)
383.9396,-0.333063,1.161626,11.5358,353.794,344.8463,0.063358,(-0.3_ 0.1_ 1.0)
383.9508,-0.332199,1.161612,11.60131,353.8477,345.0252,359.9608,(-0.3_ 0.1_ 1.0)
383.9651,-0.332952,1.16149,11.69567,353.9206,345.162,359.844,(-0.3_ 0.1_ 1.0)
383.9727,-0.332925,1.161461,11.74893,353.9396,345.2865,359.7368,(-0.3_ 0.1_ 1.0)
383.9839,-0.331445,1.161823,11.82193,353.9897,345.4751,359.5821,(-0.2_ 0.1_ 1.0)
383.9952,-0.331485,1.161809,11.90135,354.0025,345.6013,359.4774,(-0.2_ 0.1_ 1.0)
384.0061,-0.333134,1.161431,11.97013,354.0213,345.7462,359.4626,(-0.2_ 0.1_ 1.0)
384.0177,-0.333201,1.161473,12.05172,354.073,345.8705,359.3788,(-0.2_ 0.1_ 1.0)
384.0282,-0.332021,1.161621,12.1154,354.0885,345.9908,359.2817,(-0.2_ 0.1_ 1.0)
384.0398,-0.332175,1.161635,12.19624,354.1439,346.1577,359.1992,(-0.2_ 0.1_ 1.0)
384.0512,-0.333168,1.161561,12.26292,354.1525,346.2813,359.1394,(-0.2_ 0.1_ 1.0)
384.0619,-0.332332,1.161798,12.33486,354.1909,346.4069,359.0569,(-0.2_ 0.1_ 1.0)
384.0728,-0.332502,1.16179,12.41106,354.2639,346.5269,358.9984,(-0.2_ 0.1_ 1.0)
384.0843,-0.334748,1.161198,12.48652,354.3163,346.6346,359.0233,(-0.2_ 0.1_ 1.0)
384.0948,-0.334969,1.161129,12.56063,354.3861,346.7724,358.956,(-0.2_ 0.1_ 1.0)
384.106,-0.33343,1.161406,12.63149,354.4708,346.8677,358.8423,(-0.2_ 0.1_ 1.0)
384.1175,-0.333649,1.16133,12.71166,354.5863,346.9832,358.7777,(-0.2_ 0.1_ 1.0)
384.1283,-0.33526,1.161019,12.77765,354.7039,347.0882,358.746,(-0.2_ 0.1_ 1.0)
384.1396,-0.335553,1.160956,12.8561,354.842,347.2482,358.6841,(-0.2_ 0.1_ 1.0)
384.1503,-0.334767,1.160896,12.91911,354.978,347.3331,358.6435,(-0.2_ 0.1_ 1.0)
384.1617,-0.336252,1.160495,12.99655,355.1387,347.4835,358.6422,(-0.2_ 0.1_ 1.0)
384.1759,-0.336498,1.160406,13.09606,355.3068,347.6187,358.5831,(-0.2_ 0.1_ 1.0)
384.1839,-0.334505,1.1609,13.14687,355.4542,347.7959,358.4494,(-0.2_ 0.1_ 1.0)
384.1954,-0.334751,1.160808,13.22763,355.586,347.9876,358.4635,(-0.2_ 0.1_ 1.0)
384.2059,-0.336873,1.160316,13.29384,355.7232,348.1595,358.5567,(-0.2_ 0.1_ 1.0)
384.2175,-0.337135,1.160239,13.37481,355.8264,348.3724,358.5912,(-0.2_ 0.1_ 1.0)
384.2283,-0.335907,1.16039,13.44046,355.9251,348.5681,358.5984,(-0.2_ 0.1_ 1.0)
384.2396,-0.336162,1.160313,13.51969,356.033,348.7772,358.6461,(-0.2_ 0.1_ 1.0)
384.2508,-0.337461,1.160169,13.58476,356.132,348.9874,358.7098,(-0.2_ 0.1_ 1.0)
384.2618,-0.336537,1.16038,13.65967,356.2701,349.2034,358.7565,(-0.2_ 0.1_ 1.0)
384.2731,-0.336801,1.160268,13.73833,356.3832,349.4214,358.8514,(-0.2_ 0.1_ 1.0)
384.2839,-0.339338,1.159607,13.80964,356.5251,349.5751,359.0467,(-0.2_ 0.1_ 1.0)
384.2952,-0.339606,1.159556,13.88791,356.6247,349.7751,359.1279,(-0.2_ 0.1_ 1.0)
384.3058,-0.33792,1.159903,13.9555,356.6927,349.9273,359.1441,(-0.2_ 0.1_ 1.0)
384.3179,-0.338149,1.15982,14.03985,356.7838,350.0942,359.2501,(-0.2_ 0.1_ 1.0)
384.328,-0.339926,1.159474,14.10097,356.9018,350.2459,359.3825,(-0.2_ 0.1_ 1.0)
384.3396,-0.340161,1.159362,14.18157,356.9998,350.396,359.4626,(-0.2_ 0.1_ 1.0)
384.3506,-0.339334,1.159308,14.2465,357.1222,350.5359,359.5029,(-0.2_ 0.1_ 1.0)
384.3617,-0.340785,1.158859,14.32149,357.2773,350.6693,359.6365,(-0.2_ 0.0_ 1.0)
384.3762,-0.341038,1.158762,14.423,357.4291,350.8188,359.7055,(-0.2_ 0.0_ 1.0)
384.384,-0.338923,1.159277,14.47245,357.5372,350.9228,359.6801,(-0.2_ 0.0_ 1.0)
384.3954,-0.339163,1.159226,14.55213,357.6338,351.0264,359.7289,(-0.2_ 0.0_ 1.0)
384.4058,-0.341367,1.158772,14.61829,357.7231,351.1511,359.8235,(-0.2_ 0.0_ 1.0)
384.4177,-0.341609,1.158711,14.70085,357.7827,351.2516,359.8611,(-0.2_ 0.0_ 1.0)
384.4283,-0.34031,1.158914,14.76526,357.877,351.3328,359.8633,(-0.2_ 0.0_ 1.0)
384.4395,-0.340597,1.158819,14.84384,357.9497,351.447,359.8794,(-0.1_ 0.0_ 1.0)
384.4508,-0.341917,1.158693,14.91015,358.0879,351.5211,359.8764,(-0.1_ 0.0_ 1.0)
384.4618,-0.340977,1.158841,14.9848,358.217,351.6139,359.834,(-0.1_ 0.0_ 1.0)
384.4731,-0.341238,1.158674,15.06343,358.4294,351.7324,359.8229,(-0.1_ 0.0_ 1.0)
384.484,-0.343789,1.157826,15.13535,358.7068,351.8213,359.8871,(-0.1_ 0.0_ 1.0)
384.4951,-0.344014,1.157516,15.21215,359.0169,351.9589,359.8444,(-0.1_ 0.0_ 1.0)
384.5063,-0.342283,1.157567,15.28305,359.4706,352.0958,359.7169,(-0.1_ 0.0_ 1.0)
384.5182,-0.342435,1.157145,15.36637,359.9706,352.2612,359.6622,(-0.1_ 0.0_ 1.0)
384.5288,-0.344016,1.156452,15.42985,0.574846,352.4402,359.6514,(-0.1_ 0.0_ 1.0)
384.5397,-0.344118,1.155966,15.50617,1.193608,352.6215,359.6285,(-0.1_ 0.0_ 1.0)
384.5503,-0.34314,1.155489,15.56783,1.90742,352.8075,359.653,(-0.1_ 0.0_ 1.0)
384.5617,-0.344451,1.154567,15.64604,2.627198,353.0255,359.7299,(-0.1_ 0.0_ 1.0)
384.5775,-0.34443,1.153996,15.7562,3.388405,353.2347,359.7757,(-0.1_ -0.1_ 1.0)
384.5836,-0.342037,1.153987,15.79466,4.196201,353.4417,359.7206,(-0.1_ -0.1_ 1.0)
384.5954,-0.341967,1.153316,15.87716,5.035759,353.6423,359.7555,(-0.1_ -0.1_ 1.0)
384.6065,-0.343835,1.152214,15.94724,5.981158,353.8895,359.8545,(-0.1_ -0.1_ 1.0)
384.6179,-0.343713,1.151466,16.02637,6.928071,354.1102,359.8767,(-0.1_ -0.1_ 1.0)
384.6283,-0.342104,1.150915,16.08978,7.985765,354.3244,359.846,(-0.1_ -0.1_ 1.0)
384.6398,-0.341891,1.150085,16.16983,9.094419,354.5459,359.8264,(-0.1_ -0.2_ 1.0)
384.6508,-0.342698,1.149108,16.23417,10.26879,354.8033,359.8222,(-0.1_ -0.2_ 1.0)
384.6621,-0.341296,1.148313,16.31073,11.44267,355.0935,359.7549,(-0.1_ -0.2_ 1.0)
384.6728,-0.340985,1.147231,16.3854,12.67596,355.3483,359.727,(-0.1_ -0.2_ 1.0)
384.6843,-0.342954,1.145523,16.4604,13.92877,355.6713,359.7666,(-0.1_ -0.2_ 1.0)
384.6952,-0.342628,1.144372,16.53635,15.1183,355.9978,359.7499,(-0.1_ -0.3_ 1.0)
384.7061,-0.340398,1.143666,16.60569,16.21482,356.3028,359.6116,(-0.1_ -0.3_ 1.0)
384.7178,-0.340009,1.142544,16.68767,17.25335,356.6838,359.5916,(-0.1_ -0.3_ 1.0)
384.7283,-0.34124,1.141467,16.7514,18.20938,357.0718,359.6555,(0.0_ -0.3_ 0.9)
384.7398,-0.340788,1.140487,16.83165,19.08221,357.4663,359.6501,(0.0_ -0.3_ 0.9)
384.7509,-0.339479,1.140081,16.89675,19.95195,357.8087,359.5561,(0.0_ -0.3_ 0.9)
384.7625,-0.339031,1.139087,16.97491,20.77164,358.1881,359.5456,(0.0_ -0.4_ 0.9)
384.7767,-0.338537,1.138145,17.07459,21.59442,358.5329,359.5179,(0.0_ -0.4_ 0.9)
384.7897,-0.338035,1.137253,17.15418,22.32147,358.87,359.499,(0.0_ -0.4_ 0.9)
384.7953,-0.337554,1.136388,17.19295,23.04259,359.1845,359.4627,(0.0_ -0.4_ 0.9)
384.8073,-0.337058,1.135632,17.26851,23.72652,359.4824,359.4093,(0.0_ -0.4_ 0.9)
384.8191,-0.336578,1.13484,17.35155,24.31663,359.8028,359.3717,(0.0_ -0.4_ 0.9)
384.8289,-0.336094,1.134114,17.40956,24.89704,0.082037,359.3093,(0.0_ -0.4_ 0.9)
384.8403,-0.335632,1.133366,17.48894,25.41961,0.359066,359.2642,(0.0_ -0.4_ 0.9)
384.8515,-0.335133,1.132617,17.56759,25.92544,0.600337,359.2153,(0.0_ -0.4_ 0.9)
384.862,-0.334638,1.131919,17.63898,26.4366,0.814597,359.1596,(0.0_ -0.4_ 0.9)
384.8734,-0.334162,1.131229,17.71884,26.90315,1.0308,359.0969,(0.0_ -0.5_ 0.9)
384.8843,-0.333688,1.130568,17.78945,27.34685,1.22455,359.0065,(0.0_ -0.5_ 0.9)
384.8957,-0.333238,1.129959,17.86942,27.78798,1.457046,358.9267,(0.0_ -0.5_ 0.9)
384.9064,-0.332771,1.129372,17.93697,28.20552,1.690396,358.8772,(0.0_ -0.5_ 0.9)
384.9181,-0.332285,1.128777,18.01836,28.60877,1.95164,358.8328,(0.0_ -0.5_ 0.9)
384.9284,-0.331795,1.128232,18.08078,29.00756,2.239985,358.8556,(0.0_ -0.5_ 0.9)
384.9396,-0.331264,1.127707,18.15882,29.3513,2.510454,358.9096,(0.0_ -0.5_ 0.9)
384.951,-0.330769,1.127266,18.22529,29.68399,2.81257,358.9809,(0.0_ -0.5_ 0.9)
384.9621,-0.330244,1.126866,18.30064,29.97863,3.073052,359.0466,(0.0_ -0.5_ 0.9)
384.9731,-0.329735,1.126532,18.37724,30.23142,3.309664,359.0426,(0.0_ -0.5_ 0.9)
384.9873,-0.329238,1.126186,18.46807,30.4276,3.583699,359.1033,(0.1_ -0.5_ 0.9)
384.9951,-0.328745,1.125916,18.52274,30.61144,3.823437,359.1183,(0.1_ -0.5_ 0.9)
385.006,-0.328331,1.125666,18.59183,30.76658,4.125961,359.1392,(0.1_ -0.5_ 0.9)
385.0176,-0.327832,1.125435,18.67282,30.92231,4.357177,359.1242,(0.1_ -0.5_ 0.9)
385.0284,-0.327383,1.125169,18.73799,31.05113,4.634659,359.1445,(0.1_ -0.5_ 0.9)
385.0397,-0.326895,1.124942,18.81746,31.19904,4.867584,359.1261,(0.1_ -0.5_ 0.9)
385.0506,-0.326428,1.124701,18.88119,31.32654,5.127586,359.1149,(0.1_ -0.5_ 0.9)
385.062,-0.32595,1.124499,18.95814,31.48812,5.387239,359.093,(0.1_ -0.5_ 0.8)
385.0728,-0.325462,1.124238,19.03382,31.63197,5.659788,359.1081,(0.1_ -0.5_ 0.8)
385.084,-0.324953,1.123966,19.10723,31.76832,5.911266,359.1086,(0.1_ -0.5_ 0.8)
385.095,-0.324442,1.123699,19.18379,31.93481,6.179461,359.1178,(0.1_ -0.5_ 0.8)
385.1061,-0.323968,1.123424,19.25438,32.10047,6.467999,359.1498,(0.1_ -0.5_ 0.8)
385.1176,-0.323459,1.123176,19.33445,32.31351,6.715401,359.1169,(0.1_ -0.5_ 0.8)
385.128,-0.322986,1.122862,19.39795,32.47548,7.011392,359.1515,(0.1_ -0.5_ 0.8)
385.1398,-0.322483,1.122578,19.48044,32.66188,7.293757,359.1511,(0.1_ -0.5_ 0.8)
385.1505,-0.321949,1.122297,19.54342,32.81351,7.559456,359.1604,(0.1_ -0.5_ 0.8)
385.1617,-0.321454,1.122065,19.61975,32.95213,7.871675,359.1928,(0.1_ -0.5_ 0.8)
385.1729,-0.32091,1.121848,19.69759,33.0752,8.158957,359.2143,(0.1_ -0.5_ 0.8)
385.184,-0.320362,1.12163,19.77079,33.17542,8.469109,359.2846,(0.1_ -0.5_ 0.8)
385.1986,-0.319836,1.121484,19.8734,33.2555,8.770591,359.3133,(0.1_ -0.5_ 0.8)
385.2058,-0.319326,1.12136,19.917,33.32174,9.051838,359.3226,(0.1_ -0.5_ 0.8)
385.2176,-0.318781,1.121262,19.99887,33.36133,9.346169,359.3591,(0.1_ -0.5_ 0.8)
385.2284,-0.31826,1.121167,20.06465,33.40348,9.637044,359.3631,(0.1_ -0.6_ 0.8)
385.2397,-0.317742,1.121065,20.14417,33.38962,9.957832,359.4107,(0.1_ -0.6_ 0.8)
385.2508,-0.317243,1.121014,20.20887,33.37782,10.2388,359.4046,(0.1_ -0.6_ 0.8)
385.2618,-0.316759,1.121044,20.28422,33.42791,10.49174,359.3688,(0.2_ -0.6_ 0.8)
385.2729,-0.316304,1.121012,20.36141,33.42126,10.80312,359.4117,(0.2_ -0.6_ 0.8)
385.284,-0.315816,1.121028,20.43473,33.3942,11.02577,359.4026,(0.2_ -0.6_ 0.8)
385.2949,-0.315365,1.121139,20.51028,33.32607,11.21815,359.364,(0.2_ -0.5_ 0.8)
385.3059,-0.314972,1.121294,20.58104,33.22637,11.4197,359.2868,(0.2_ -0.5_ 0.8)
385.3178,-0.31453,1.121493,20.66399,33.07915,11.54287,359.1843,(0.2_ -0.5_ 0.8)
385.3281,-0.314172,1.121697,20.72662,32.90057,11.6873,359.0753,(0.2_ -0.5_ 0.8)
385.3398,-0.313774,1.121923,20.80801,32.73047,11.76859,358.9857,(0.2_ -0.5_ 0.8)
385.3508,-0.313425,1.122169,20.87283,32.56682,11.83479,358.8746,(0.2_ -0.5_ 0.8)
385.362,-0.313127,1.122407,20.94875,32.3911,11.92679,358.7799,(0.2_ -0.5_ 0.8)
385.3731,-0.312778,1.122638,21.02658,32.21317,11.93056,358.6543,(0.2_ -0.5_ 0.8)
385.3843,-0.312488,1.12292,21.09991,32.0843,11.95982,358.5452,(0.2_ -0.5_ 0.8)
385.3984,-0.312184,1.123123,21.1985,31.92328,11.97126,358.4595,(0.2_ -0.5_ 0.8)
385.4058,-0.311931,1.123371,21.24347,31.80978,11.95744,358.328,(0.2_ -0.5_ 0.8)
385.4176,-0.311684,1.123548,21.32571,31.6965,11.97659,358.2463,(0.2_ -0.5_ 0.8)
385.4282,-0.311419,1.123752,21.39087,31.59655,11.9312,358.1324,(0.2_ -0.5_ 0.8)
385.4395,-0.311158,1.123943,21.46958,31.51892,11.89568,358.037,(0.2_ -0.5_ 0.8)
385.4509,-0.310931,1.124118,21.53686,31.4156,11.87391,357.9959,(0.2_ -0.5_ 0.8)
385.4617,-0.310714,1.124328,21.61031,31.26322,11.81414,357.8888,(0.2_ -0.5_ 0.8)
385.4729,-0.310481,1.124618,21.68878,31.07472,11.74409,357.8175,(0.2_ -0.5_ 0.8)
385.484,-0.310312,1.125006,21.7622,30.81029,11.64774,357.6968,(0.2_ -0.5_ 0.8)
385.4954,-0.310113,1.125498,21.84166,30.43038,11.50922,357.5426,(0.2_ -0.5_ 0.8)
385.5061,-0.309934,1.126064,21.90991,29.97479,11.33858,357.3823,(0.2_ -0.5_ 0.8)
385.5178,-0.309761,1.126805,21.9914,29.4314,11.12896,357.2143,(0.2_ -0.5_ 0.9)
385.5285,-0.309674,1.127597,22.0569,28.74132,10.89274,356.9937,(0.2_ -0.5_ 0.9)
385.5398,-0.309579,1.128521,22.13663,28.031,10.57191,356.7757,(0.2_ -0.5_ 0.9)
385.5508,-0.309559,1.129529,22.20146,27.24789,10.19428,356.4871,(0.2_ -0.5_ 0.9)
385.5618,-0.309578,1.130578,22.27642,26.39247,9.783864,356.2301,(0.2_ -0.4_ 0.9)
385.5732,-0.30961,1.131715,22.35638,25.52146,9.311119,355.9582,(0.1_ -0.4_ 0.9)
385.5843,-0.309712,1.132842,22.4291,24.62945,8.843443,355.6931,(0.1_ -0.4_ 0.9)
385.5988,-0.309811,1.13394,22.53089,23.73828,8.395317,355.4856,(0.1_ -0.4_ 0.9)
385.6059,-0.309978,1.135009,22.57363,22.85977,7.927032,355.2943,(0.1_ -0.4_ 0.9)
385.6177,-0.310156,1.136131,22.65647,21.98816,7.425485,355.1022,(0.1_ -0.4_ 0.9)
385.6288,-0.310336,1.137224,22.72357,21.12729,6.912211,354.9136,(0.1_ -0.4_ 0.9)
385.6396,-0.31053,1.1383,22.79953,20.30627,6.434573,354.7477,(0.1_ -0.3_ 0.9)
385.6508,-0.310736,1.13934,22.86556,19.50766,6.012102,354.6186,(0.1_ -0.3_ 0.9)
385.6622,-0.310872,1.140283,22.94269,18.79656,5.652886,354.5054,(0.1_ -0.3_ 0.9)
385.673,-0.311036,1.141164,23.01815,18.11771,5.37063,354.4156,(0.1_ -0.3_ 0.9)
385.6843,-0.311023,1.141897,23.09192,17.47654,5.056751,354.3134,(0.1_ -0.3_ 1.0)
385.6955,-0.311051,1.142629,23.17023,16.90529,4.80159,354.2298,(0.1_ -0.3_ 1.0)
385.706,-0.311032,1.143293,23.23689,16.3924,4.586792,354.2073,(0.1_ -0.3_ 1.0)
385.7178,-0.310997,1.143904,23.31942,15.87368,4.376143,354.2036,(0.1_ -0.3_ 1.0)
385.7283,-0.310961,1.144521,23.38322,15.39664,4.171669,354.2111,(0.1_ -0.3_ 1.0)
385.7402,-0.310894,1.145076,23.46659,14.94314,3.960247,354.2035,(0.1_ -0.3_ 1.0)
385.7511,-0.31089,1.145583,23.54289,14.51253,3.778533,354.2056,(0.1_ -0.3_ 1.0)
385.7619,-0.310847,1.146046,23.61643,14.1377,3.560278,354.214,(0.1_ -0.2_ 1.0)
385.7731,-0.310856,1.14653,23.695,13.76048,3.357448,354.2153,(0.1_ -0.2_ 1.0)
385.7846,-0.31086,1.147015,23.77013,13.37904,3.128159,354.2053,(0.1_ -0.2_ 1.0)
385.7987,-0.310881,1.147462,23.86936,12.94918,2.918976,354.1943,(0.0_ -0.2_ 1.0)
385.8061,-0.310939,1.147912,23.91402,12.53963,2.691352,354.2026,(0.0_ -0.2_ 1.0)
385.8178,-0.310972,1.148387,23.99642,12.14061,2.421197,354.1649,(0.0_ -0.2_ 1.0)
385.8287,-0.311025,1.148835,24.06307,11.7097,2.160452,354.139,(0.0_ -0.2_ 1.0)
385.8397,-0.311085,1.149279,24.14014,11.28141,1.9171,354.1213,(0.0_ -0.2_ 1.0)
385.8512,-0.311146,1.14972,24.20786,10.87816,1.656915,354.0802,(0.0_ -0.2_ 1.0)
385.862,-0.311187,1.150091,24.28164,10.48373,1.418492,354.0757,(0.0_ -0.2_ 1.0)
385.8731,-0.311255,1.150495,24.35924,10.12407,1.185314,354.0623,(0.0_ -0.2_ 1.0)
385.8843,-0.311293,1.150843,24.43333,9.762258,0.94076,354.0423,(0.0_ -0.2_ 1.0)
385.8957,-0.31137,1.15117,24.51308,9.412975,0.765128,354.0475,(0.0_ -0.2_ 1.0)
385.9061,-0.31143,1.151525,24.57958,9.095051,0.551075,354.003,(0.0_ -0.2_ 1.0)
385.9178,-0.311443,1.151825,24.66171,8.774103,0.359155,353.9949,(0.0_ -0.2_ 1.0)
385.9282,-0.311475,1.152111,24.72523,8.448062,0.195583,354.021,(0.0_ -0.1_ 1.0)
385.9397,-0.311511,1.152404,24.80602,8.156672,0.076752,354.0431,(0.0_ -0.1_ 1.0)
385.9508,-0.311513,1.152695,24.87175,7.873661,359.9199,354.0538,(0.0_ -0.1_ 1.0)
385.9621,-0.311537,1.152933,24.94865,7.601054,359.809,354.0872,(0.0_ -0.1_ 1.0)
385.9733,-0.311571,1.153156,25.02758,7.325339,359.705,354.1148,(0.0_ -0.1_ 1.0)
385.9845,-0.311543,1.153366,25.10129,7.10613,359.5537,354.1599,(0.0_ -0.1_ 1.0)
385.9958,-0.311559,1.153552,25.18074,6.896583,359.4451,354.201,(0.0_ -0.1_ 1.0)
386.0102,-0.311554,1.153732,25.27024,6.71119,359.3118,354.2038,(0.0_ -0.1_ 1.0)
386.0177,-0.311626,1.153893,25.32257,6.537262,359.2213,354.2396,(0.0_ -0.1_ 1.0)
386.0291,-0.311617,1.154012,25.39235,6.370109,359.0848,354.2589,(0.0_ -0.1_ 1.0)
386.04,-0.311654,1.154111,25.46962,6.196121,359.0073,354.2837,(0.0_ -0.1_ 1.0)
386.0511,-0.31165,1.154229,25.54715,6.024534,358.8911,354.2827,(0.0_ -0.1_ 1.0)
386.0616,-0.311652,1.154309,25.61957,5.821017,358.8022,354.3037,(0.0_ -0.1_ 1.0)
386.0732,-0.311628,1.154416,25.70086,5.626035,358.6999,354.3167,(0.0_ -0.1_ 1.0)
386.0845,-0.311626,1.154521,25.77538,5.470105,358.6358,354.3119,(0.0_ -0.1_ 1.0)
386.0954,-0.311591,1.154593,25.85147,5.32107,358.5499,354.3193,(0.0_ -0.1_ 1.0)
386.1063,-0.311541,1.154673,25.92115,5.232011,358.4419,354.2975,(0.0_ -0.1_ 1.0)
386.1176,-0.3115,1.154674,26.00075,5.135443,358.39,354.3134,(0.0_ -0.1_ 1.0)
386.1288,-0.311459,1.154668,26.06936,5.013626,358.3326,354.3277,(0.0_ -0.1_ 1.0)
386.1398,-0.311376,1.154676,26.14655,4.906669,358.2589,354.3162,(0.0_ -0.1_ 1.0)
386.1509,-0.311333,1.154702,26.21268,4.782268,358.2382,354.3127,(0.0_ -0.1_ 1.0)
386.1624,-0.311233,1.154771,26.29032,4.667777,358.1871,354.2827,(0.0_ -0.1_ 1.0)
386.173,-0.31117,1.154835,26.36537,4.560347,358.1831,354.2685,(0.0_ -0.1_ 1.0)
386.1843,-0.311049,1.154858,26.43951,4.462862,358.1586,354.2707,(0.0_ -0.1_ 1.0)
386.1957,-0.310945,1.154914,26.51961,4.379518,358.1321,354.2347,(0.0_ -0.1_ 1.0)
386.2061,-0.310849,1.154921,26.58615,4.300972,358.1319,354.2343,(0.0_ -0.1_ 1.0)
386.2215,-0.310663,1.154893,26.69244,4.205657,358.1163,354.2422,(0.0_ -0.1_ 1.0)
386.2289,-0.310571,1.15491,26.74422,4.140758,358.0935,354.2343,(0.0_ -0.1_ 1.0)
386.2396,-0.310461,1.154919,26.81969,4.086782,358.1024,354.2397,(0.0_ -0.1_ 1.0)
386.2509,-0.310352,1.15493,26.88679,4.03206,358.1113,354.2637,(0.0_ -0.1_ 1.0)
386.262,-0.310221,1.154938,26.96249,3.983445,358.106,354.2864,(0.0_ -0.1_ 1.0)
386.2731,-0.310085,1.154943,27.04055,3.928766,358.0941,354.3067,(0.0_ -0.1_ 1.0)
386.2841,-0.309967,1.154967,27.11313,3.877755,358.0879,354.3121,(0.0_ -0.1_ 1.0)
386.2955,-0.309836,1.154974,27.19276,3.821339,358.0804,354.3359,(0.0_ -0.1_ 1.0)
386.3063,-0.309753,1.154968,27.26167,3.752549,358.0892,354.3531,(0.0_ -0.1_ 1.0)
386.3181,-0.309613,1.154956,27.34412,3.671569,358.0646,354.3736,(0.0_ -0.1_ 1.0)
386.3283,-0.30948,1.154979,27.4067,3.62852,358.0318,354.4047,(0.0_ -0.1_ 1.0)
386.3398,-0.309333,1.154993,27.48706,3.549481,358.0001,354.4248,(0.0_ -0.1_ 1.0)
386.3508,-0.309225,1.154995,27.55241,3.493144,357.9911,354.4429,(0.0_ -0.1_ 1.0)
386.3623,-0.30908,1.155038,27.6305,3.427479,357.9577,354.4594,(0.0_ -0.1_ 1.0)
386.3735,-0.308914,1.155076,27.70925,3.388843,357.9102,354.4876,(0.0_ -0.1_ 1.0)
386.3843,-0.308771,1.155109,27.78012,3.348279,357.8795,354.5322,(0.0_ -0.1_ 1.0)
386.3954,-0.308602,1.155118,27.85801,3.307283,357.8401,354.5839,(0.0_ -0.1_ 1.0)
386.4062,-0.308438,1.1552,27.9267,3.303825,357.7912,354.6081,(0.0_ -0.1_ 1.0)
386.4213,-0.308213,1.155235,28.03077,3.251893,357.7473,354.6293,(0.0_ -0.1_ 1.0)
386.4288,-0.308077,1.155303,28.08324,3.23386,357.6971,354.6373,(0.0_ -0.1_ 1.0)
386.4398,-0.307893,1.155322,28.16035,3.183377,357.6616,354.6567,(0.0_ -0.1_ 1.0)
386.4514,-0.307694,1.155388,28.22899,3.185207,357.6119,354.6601,(0.0_ -0.1_ 1.0)
386.4623,-0.307535,1.155386,28.30259,3.204011,357.6213,354.6518,(0.0_ -0.1_ 1.0)
386.4735,-0.307309,1.155444,28.38131,3.207323,357.5635,354.6346,(0.0_ -0.1_ 1.0)
386.4843,-0.307105,1.155491,28.45219,3.188605,357.5173,354.6007,(0.0_ -0.1_ 1.0)
386.4959,-0.306893,1.15557,28.53318,3.176937,357.4884,354.5563,(0.0_ -0.1_ 1.0)
386.5065,-0.306707,1.155647,28.60015,3.165177,357.4845,354.5267,(0.0_ -0.1_ 1.0)
386.518,-0.306501,1.1557,28.68056,3.114352,357.4811,354.498,(0.0_ -0.1_ 1.0)
386.5289,-0.306293,1.155752,28.74691,3.08771,357.4793,354.4952,(0.0_ -0.1_ 1.0)
386.5399,-0.306065,1.155813,28.82364,3.054343,357.4597,354.476,(0.0_ -0.1_ 1.0)
386.5511,-0.305876,1.155863,28.88945,3.011002,357.4772,354.4559,(0.0_ -0.1_ 1.0)
386.5624,-0.30562,1.155918,28.9662,2.955402,357.4384,354.4167,(0.0_ -0.1_ 1.0)
386.5734,-0.305412,1.155963,29.04345,2.883986,357.4607,354.3967,(0.0_ -0.1_ 1.0)
386.5851,-0.305147,1.156015,29.11932,2.832613,357.4591,354.3629,(0.0_ 0.0_ 1.0)
386.5958,-0.304867,1.156044,29.19433,2.769705,357.4467,354.338,(0.0_ 0.0_ 1.0)
386.6066,-0.304545,1.15606,29.26302,2.712534,357.4376,354.3388,(0.0_ 0.0_ 1.0)
386.622,-0.303953,1.156073,29.36846,2.66116,357.4077,354.3376,(0.0_ 0.0_ 1.0)
386.6291,-0.303684,1.156074,29.41819,2.65356,357.3964,354.362,(0.0_ 0.0_ 1.0)
386.6398,-0.303252,1.156045,29.4939,2.597317,357.3788,354.3803,(0.0_ 0.0_ 1.0)
386.6512,-0.302695,1.156056,29.56127,2.597821,357.3147,354.3972,(0.0_ 0.0_ 1.0)
386.6627,-0.302051,1.156067,29.63843,2.595659,357.3049,354.3871,(0.0_ 0.0_ 1.0)
386.6732,-0.301394,1.156061,29.71206,2.586849,357.2924,354.3991,(0.0_ 0.0_ 1.0)
386.6845,-0.300644,1.156079,29.78629,2.594772,357.2305,354.4265,(0.0_ 0.0_ 1.0)
386.7019,-0.299198,1.156097,29.90616,2.61254,357.2115,354.4292,(0.0_ 0.0_ 1.0)
386.7064,-0.298887,1.156114,29.93778,2.627264,357.1517,354.4377,(0.0_ 0.0_ 1.0)
386.7187,-0.297732,1.156155,30.02413,2.669538,357.1416,354.4433,(0.0_ 0.0_ 1.0)
386.7294,-0.296641,1.15614,30.08825,2.671434,357.1535,354.4452,(0.0_ 0.0_ 1.0)
386.7409,-0.295365,1.156132,30.16827,2.694223,357.1455,354.4615,(0.0_ 0.0_ 1.0)
386.7522,-0.293969,1.156125,30.24729,2.706955,357.1553,354.4577,(0.0_ 0.0_ 1.0)
386.7626,-0.292648,1.156126,30.31734,2.741728,357.1394,354.4637,(0.0_ 0.0_ 1.0)
386.7737,-0.291108,1.156127,30.39536,2.767289,357.1583,354.4684,(0.0_ 0.0_ 1.0)
386.785,-0.289462,1.156121,30.46876,2.780014,357.1771,354.4987,(0.0_ 0.0_ 1.0)
386.7961,-0.287676,1.156154,30.5465,2.796938,357.1957,354.4879,(0.0_ 0.0_ 1.0)
386.8067,-0.285933,1.156177,30.61307,2.783751,357.2225,354.5182,(0.0_ 0.0_ 1.0)
386.8227,-0.283061,1.156218,30.72211,2.757912,357.2697,354.5451,(0.0_ 0.0_ 1.0)
386.8288,-0.282009,1.156297,30.76467,2.722844,357.3051,354.5747,(0.0_ 0.0_ 1.0)
386.8398,-0.279768,1.156348,30.84167,2.70883,357.3072,354.5955,(0.0_ 0.0_ 1.0)
386.851,-0.27749,1.156393,30.90838,2.659083,357.3303,354.6012,(0.0_ 0.0_ 1.0)
386.8625,-0.274961,1.156433,30.9854,2.637748,357.3465,354.6357,(0.0_ 0.0_ 1.0)
386.8737,-0.27232,1.156472,31.0642,2.621403,357.3653,354.6359,(0.0_ 0.0_ 1.0)
386.8843,-0.269693,1.156489,31.1339,2.616413,357.3757,354.6499,(0.0_ 0.0_ 1.0)
386.8958,-0.266825,1.156524,31.21377,2.575584,357.3809,354.6884,(0.0_ 0.0_ 1.0)
386.9064,-0.263962,1.156553,31.28109,2.570519,357.4163,354.6823,(0.0_ 0.0_ 1.0)
386.918,-0.260713,1.156612,31.36256,2.549644,357.3828,354.6913,(0.0_ 0.0_ 1.0)
386.9284,-0.257737,1.156636,31.42593,2.522929,357.4126,354.71,(0.0_ 0.0_ 1.0)
386.9401,-0.25417,1.156631,31.50765,2.472468,357.4348,354.7143,(0.0_ 0.0_ 1.0)
386.9511,-0.250588,1.156645,31.58533,2.473655,357.4602,354.7367,(0.0_ 0.0_ 1.0)
386.9619,-0.247037,1.156666,31.65847,2.470202,357.4529,354.7574,(0.0_ 0.0_ 1.0)
386.9734,-0.24303,1.156641,31.73937,2.442403,357.4657,354.7817,(0.0_ 0.0_ 1.0)
386.9845,-0.239105,1.156664,31.8117,2.449583,357.4636,354.7891,(0.0_ 0.0_ 1.0)
386.9958,-0.234878,1.156654,31.89115,2.432052,357.478,354.8126,(0.0_ 0.0_ 1.0)
387.0066,-0.230811,1.156652,31.95911,2.40608,357.4751,354.8408,(0.0_ 0.0_ 1.0)
387.0182,-0.226112,1.156654,32.04031,2.397563,357.5125,354.8492,(0.0_ 0.0_ 1.0)
387.0319,-0.220619,1.156648,32.12323,2.352767,357.4721,354.9026,(0.0_ 0.0_ 1.0)
387.0399,-0.217169,1.156675,32.17927,2.3639,357.4716,354.9322,(0.0_ 0.0_ 1.0)
387.0509,-0.212443,1.156676,32.24416,2.343153,357.4521,354.9585,(0.0_ 0.0_ 1.0)
387.0621,-0.207369,1.156674,32.32055,2.305425,357.4774,354.969,(0.0_ 0.0_ 1.0)
387.0731,-0.202155,1.156699,32.39776,2.30783,357.4771,354.9719,(0.0_ 0.0_ 1.0)
387.0843,-0.196798,1.1567,32.47148,2.297297,357.5012,354.9329,(0.0_ 0.0_ 1.0)
387.0958,-0.191007,1.156695,32.55241,2.293565,357.5197,354.9261,(0.0_ 0.0_ 1.0)
387.1063,-0.185737,1.156693,32.61896,2.296979,357.531,354.9071,(0.0_ 0.0_ 1.0)
387.1177,-0.179752,1.15669,32.69874,2.297418,357.5126,354.896,(0.0_ 0.0_ 1.0)
387.1285,-0.174116,1.156685,32.76479,2.315361,357.5211,354.8835,(0.0_ 0.0_ 1.0)
387.1397,-0.167902,1.156643,32.84329,2.317783,357.496,354.8793,(0.0_ 0.0_ 1.0)
387.1511,-0.161645,1.156639,32.91099,2.339094,357.4982,354.8754,(0.0_ 0.0_ 1.0)
387.1624,-0.155138,1.156623,32.98728,2.343127,357.5167,354.8629,(0.0_ 0.0_ 1.0)
387.1732,-0.148644,1.156615,33.06317,2.355517,357.5741,354.8691,(0.0_ 0.0_ 1.0)
387.184,-0.142136,1.156575,33.13429,2.347472,357.5699,354.8806,(0.0_ 0.0_ 1.0)
387.1953,-0.135044,1.156561,33.21338,2.369076,357.6014,354.9046,(0.0_ 0.0_ 1.0)
387.2059,-0.128342,1.156521,33.28175,2.380715,357.6201,354.8988,(0.0_ 0.0_ 1.0)
387.2178,-0.120554,1.156524,33.36498,2.420882,357.6327,354.8962,(0.0_ 0.0_ 1.0)
387.2283,-0.113736,1.156465,33.42912,2.443614,357.638,354.9088,(0.0_ 0.0_ 1.0)
387.2432,-0.103675,1.156428,33.52983,2.471569,357.6679,354.9211,(0.0_ 0.0_ 1.0)
387.2512,-0.098005,1.15639,33.58589,2.484515,357.7066,354.926,(0.0_ 0.0_ 1.0)
387.2617,-0.090551,1.156347,33.65742,2.511469,357.7208,354.9366,(0.0_ 0.0_ 1.0)
387.273,-0.082289,1.156326,33.73678,2.540831,357.7644,354.9457,(0.0_ 0.0_ 1.0)
387.2838,-0.074323,1.156282,33.80859,2.559659,357.7778,354.9503,(0.0_ 0.0_ 1.0)
387.2953,-0.065624,1.156265,33.8885,2.61416,357.7578,354.9522,(0.0_ 0.0_ 1.0)
387.3061,-0.057517,1.156253,33.95752,2.61378,357.8225,354.9241,(0.0_ 0.0_ 1.0)
387.3178,-0.048258,1.156206,34.03976,2.594425,357.851,354.9309,(0.0_ 0.0_ 1.0)
387.3285,-0.040017,1.156181,34.10512,2.587749,357.8683,354.8931,(0.0_ 0.0_ 1.0)
387.34,-0.03062,1.156152,34.18568,2.594879,357.9082,354.8728,(0.0_ 0.0_ 1.0)
387.3516,-0.020935,1.156134,34.26682,2.606488,357.8959,354.8069,(0.0_ 0.0_ 1.0)
387.3616,-0.012511,1.156091,34.33512,2.598056,357.9597,354.8104,(0.0_ 0.0_ 1.0)
387.373,-0.002718,1.15608,34.41457,2.608021,357.9737,354.747,(0.0_ 0.0_ 1.0)
387.3842,0.00696,1.156049,34.48856,2.605116,357.985,354.7198,(0.0_ 0.0_ 1.0)
387.3954,0.016951,1.156041,34.56705,2.619855,358.0251,354.6854,(0.0_ 0.0_ 1.0)
387.4063,0.026503,1.156032,34.63605,2.651119,358.0563,354.6858,(0.0_ 0.0_ 1.0)
387.4183,0.037476,1.155999,34.71951,2.657355,358.075,354.6432,(0.0_ 0.0_ 1.0)
387.4288,0.046854,1.155967,34.78346,2.66525,358.1534,354.6538,(0.0_ 0.0_ 1.0)
387.4431,0.060242,1.155954,34.88002,2.688716,358.1663,354.6034,(0.0_ 0.0_ 1.0)
387.4512,0.068103,1.155927,34.9366,2.68812,358.2425,354.6118,(0.0_ 0.0_ 1.0)
387.4617,0.078288,1.155912,35.00788,2.698553,358.2804,354.5697,(0.0_ 0.0_ 1.0)
387.4731,0.089616,1.155896,35.08759,2.70246,358.3334,354.5432,(0.0_ 0.0_ 1.0)
387.4843,0.100611,1.155855,35.16068,2.689449,358.3811,354.5369,(0.0_ 0.0_ 1.0)
387.4954,0.112024,1.155851,35.23854,2.705917,358.4393,354.5169,(0.0_ 0.0_ 1.0)
387.5063,0.122929,1.155842,35.30745,2.709373,358.5002,354.5065,(0.0_ 0.0_ 1.0)
387.5178,0.135075,1.155837,35.38783,2.708071,358.5529,354.478,(0.0_ 0.0_ 1.0)
387.5286,0.146084,1.155837,35.45372,2.708289,358.6109,354.4633,(0.0_ 0.0_ 1.0)
387.5398,0.158175,1.15583,35.53167,2.711726,358.6856,354.4573,(0.0_ 0.0_ 1.0)
387.551,0.169745,1.155828,35.59735,2.724634,358.7308,354.4278,(0.0_ 0.0_ 1.0)
387.5624,0.182286,1.155792,35.67438,2.724776,358.8126,354.4146,(0.0_ 0.0_ 1.0)
387.5733,0.194652,1.155776,35.75056,2.747848,358.8818,354.3968,(0.0_ 0.0_ 1.0)
387.5842,0.206829,1.155727,35.82167,2.758555,358.9485,354.3697,(0.0_ 0.0_ 1.0)
387.5954,0.219777,1.155697,35.89935,2.786399,359.031,354.3377,(0.0_ 0.0_ 1.0)
387.6062,0.232203,1.155654,35.96813,2.813256,359.0651,354.2878,(0.0_ 0.0_ 1.0)
387.6178,0.246,1.155625,36.04877,2.821688,359.1529,354.2239,(0.0_ 0.0_ 1.0)
387.6285,0.258232,1.155595,36.11362,2.825871,359.2338,354.1685,(0.0_ 0.0_ 1.0)
387.6398,0.272093,1.155588,36.19239,2.841693,359.3044,354.0928,(0.0_ 0.0_ 1.0)
387.6546,0.289023,1.155549,36.27892,2.839736,359.4095,354.0356,(0.0_ 0.0_ 1.0)
387.6621,0.298409,1.155539,36.32864,2.852898,359.4773,353.955,(0.0_ 0.0_ 1.0)
387.6735,0.312907,1.155509,36.40811,2.830379,359.5425,353.8377,(0.0_ 0.0_ 1.0)
387.6846,0.326756,1.155473,36.48001,2.826555,359.6207,353.7719,(0.0_ 0.0_ 1.0)
387.6959,0.341432,1.15549,36.55849,2.826694,359.6929,353.6403,(0.0_ 0.0_ 1.0)
387.7063,0.354601,1.155485,36.62373,2.807727,359.7522,353.5552,(0.0_ 0.0_ 1.0)
387.7183,0.37041,1.15547,36.70631,2.761574,359.8074,353.4349,(0.0_ 0.0_ 1.0)
387.7286,0.383578,1.155496,36.76866,2.741361,359.887,353.3387,(0.0_ 0.0_ 1.0)
387.7398,0.398831,1.155507,36.84631,2.700603,359.9537,353.2344,(0.0_ 0.0_ 1.0)
387.7512,0.413365,1.15551,36.91275,2.64571,0.041895,353.1652,(0.0_ 0.0_ 1.0)
387.762,0.428183,1.155548,36.98511,2.62349,0.114038,353.134,(0.0_ 0.0_ 1.0)
387.7737,0.44462,1.155586,37.06635,2.590864,0.224864,353.1332,(0.0_ 0.0_ 1.0)
387.7845,0.45938,1.155572,37.13566,2.532651,0.306886,353.1811,(0.0_ 0.0_ 1.0)
387.7958,0.475635,1.155634,37.21411,2.543204,0.356875,353.2394,(0.0_ 0.0_ 1.0)
387.8066,0.4906,1.15567,37.28156,2.519247,0.442349,353.3528,(0.0_ 0.0_ 1.0)
387.8181,0.507271,1.155736,37.36057,2.529269,0.507191,353.4375,(0.0_ 0.0_ 1.0)
387.8286,0.521817,1.155792,37.42379,2.517816,0.585396,353.5425,(0.0_ 0.0_ 1.0)
387.84,0.538759,1.155818,37.5025,2.461979,0.651845,353.6606,(0.0_ 0.0_ 1.0)
387.8546,0.560339,1.155908,37.60254,2.435011,0.754614,353.7609,(0.0_ 0.0_ 1.0)
387.8619,0.57142,1.155985,37.65134,2.385781,0.819707,353.8834,(0.0_ 0.0_ 1.0)
387.8733,0.588747,1.156034,37.72964,2.288129,0.864165,353.9788,(0.0_ 0.0_ 1.0)
387.8844,0.605379,1.156127,37.80147,2.241324,0.904086,354.086,(0.0_ 0.0_ 1.0)
387.8956,0.622823,1.156175,37.87862,2.160212,0.929206,354.1968,(0.0_ 0.0_ 1.0)
387.9066,0.639247,1.156245,37.94678,2.102858,0.934537,354.2964,(0.0_ 0.0_ 1.0)
387.9181,0.657569,1.156324,38.02619,2.049394,0.922357,354.3767,(0.0_ 0.0_ 1.0)
387.9287,0.673375,1.156387,38.08926,1.984573,0.942208,354.435,(0.0_ 0.0_ 1.0)
387.9398,0.691406,1.15647,38.16594,1.930496,0.940203,354.4842,(0.0_ 0.0_ 1.0)
387.9514,0.708765,1.156516,38.2328,1.86031,0.913714,354.5255,(0.0_ 0.0_ 1.0)
387.9622,0.726228,1.156623,38.30441,1.809454,0.919464,354.5578,(0.0_ 0.0_ 1.0)
387.9734,0.74499,1.15666,38.38187,1.699625,0.902893,354.5878,(0.0_ 0.0_ 1.0)
387.9844,0.762763,1.156773,38.45227,1.648317,0.914151,354.6018,(0.0_ 0.0_ 1.0)
387.9958,0.782027,1.156851,38.53039,1.577353,0.902445,354.5981,(0.0_ 0.0_ 1.0)
388.0063,0.799047,1.156946,38.59521,1.531751,0.88272,354.6042,(0.0_ 0.0_ 1.0)
388.0179,0.818977,1.156981,38.67469,1.439564,0.918599,354.6344,(0.0_ 0.0_ 1.0)
388.029,0.836915,1.157095,38.74063,1.404317,0.921086,354.6375,(0.0_ 0.0_ 1.0)
388.0401,0.856297,1.157148,38.81634,1.304044,0.933552,354.6289,(0.0_ 0.0_ 1.0)
388.0548,0.882129,1.157231,38.91687,1.252897,0.972663,354.6421,(0.0_ 0.0_ 1.0)
388.0618,0.894559,1.15731,38.96309,1.185031,1.001472,354.6303,(0.0_ 0.0_ 1.0)
388.0734,0.915137,1.157396,39.04165,1.115203,1.070691,354.6141,(0.0_ 0.0_ 1.0)
388.0845,0.934554,1.157477,39.11267,1.0329,1.104844,354.6016,(0.0_ 0.0_ 1.0)
388.0957,0.954984,1.157525,39.18915,0.955208,1.150282,354.6349,(0.0_ 0.0_ 1.0)
388.1063,0.973466,1.157557,39.25458,0.865523,1.194204,354.64,(0.0_ 0.0_ 1.0)
388.1181,0.995314,1.15761,39.3351,0.821253,1.251481,354.6848,(0.0_ 0.0_ 1.0)
388.1284,1.0132,1.157625,39.39614,0.758968,1.308442,354.7387,(0.0_ 0.0_ 1.0)
388.1405,1.035842,1.157643,39.47814,0.710309,1.387669,354.771,(0.0_ 0.0_ 1.0)
388.1516,1.056862,1.15767,39.55363,0.679794,1.436827,354.8242,(0.0_ 0.0_ 1.0)
388.1619,1.076233,1.157712,39.62162,0.653516,1.476715,354.8512,(0.0_ 0.0_ 1.0)
388.1732,1.097771,1.157698,39.6978,0.580356,1.526712,354.8955,(0.0_ 0.0_ 1.0)
388.1846,1.11913,1.157719,39.77047,0.534522,1.564338,354.9521,(0.0_ 0.0_ 1.0)
388.1956,1.140607,1.15775,39.8452,0.477423,1.60632,354.9854,(0.0_ 0.0_ 1.0)
388.2063,1.16064,1.157761,39.91113,0.41256,1.610333,355.028,(0.0_ 0.0_ 1.0)
388.2182,1.184046,1.157796,39.99134,0.376758,1.649051,355.0596,(0.0_ 0.0_ 1.0)
388.2286,1.203379,1.157795,40.05277,0.320164,1.658912,355.0868,(0.0_ 0.0_ 1.0)
388.24,1.226226,1.157829,40.12965,0.307482,1.660795,355.1162,(0.0_ 0.0_ 1.0)
388.2513,1.24915,1.157865,40.20628,0.291046,1.677778,355.1061,(0.0_ 0.0_ 1.0)
388.2654,1.276749,1.157866,40.29554,0.243212,1.7089,355.1251,(0.0_ 0.0_ 1.0)
388.2733,1.29302,1.157922,40.34855,0.242764,1.707442,355.1185,(0.0_ 0.0_ 1.0)
388.2843,1.315105,1.157929,40.41852,0.201696,1.733677,355.1426,(0.0_ 0.0_ 1.0)
388.2958,1.338943,1.157967,40.49569,0.177929,1.75871,355.1385,(0.0_ 0.0_ 1.0)
388.3064,1.360108,1.157991,40.56054,0.154176,1.780604,355.1498,(0.0_ 0.0_ 1.0)
388.3182,1.384964,1.158009,40.63976,0.12554,1.829424,355.1723,(0.0_ 0.0_ 1.0)
388.3288,1.405761,1.157997,40.70146,0.072179,1.878693,355.1625,(0.0_ 0.0_ 1.0)
388.3402,1.430331,1.158036,40.77831,0.05808,1.895211,355.1466,(0.0_ 0.0_ 1.0)
388.3515,1.454666,1.158051,40.85413,0.035792,1.980665,355.1426,(0.0_ 0.0_ 1.0)
388.362,1.477079,1.158072,40.92226,0.018585,2.011996,355.1445,(0.0_ 0.0_ 1.0)
388.3734,1.501967,1.158089,40.99859,-0.002296,2.059248,355.1309,(0.0_ 0.0_ 1.0)
388.3845,1.525524,1.158118,41.06831,359.9765,2.122531,355.1448,(0.0_ 0.0_ 1.0)
388.3956,1.550007,1.158159,41.14233,359.9513,2.178012,355.1499,(0.0_ 0.0_ 1.0)
388.4065,1.573004,1.158217,41.20846,359.9374,2.215891,355.1444,(0.0_ 0.0_ 1.0)
388.4184,1.599678,1.158222,41.28802,359.8992,2.266269,355.1794,(0.0_ 0.0_ 1.0)
388.4289,1.621613,1.158233,41.34905,359.8655,2.332592,355.1999,(0.0_ 0.0_ 1.0)
388.4406,1.647925,1.158255,41.42622,359.8598,2.388149,355.2189,(0.0_ 0.0_ 1.0)
388.4514,1.672892,1.158287,41.49891,359.8683,2.397404,355.2371,(0.0_ 0.0_ 1.0)
388.4659,1.704576,1.158274,41.58857,359.8386,2.446888,355.2584,(0.0_ 0.0_ 1.0)
388.4733,1.721939,1.158285,41.63825,359.8337,2.518932,355.2705,(0.0_ 0.0_ 1.0)
388.4846,1.747336,1.158269,41.70889,359.8088,2.556703,355.2955,(0.0_ 0.0_ 1.0)
388.4958,1.773453,1.158279,41.78303,359.8039,2.609044,355.3021,(0.0_ 0.0_ 1.0)
388.5064,1.797175,1.158274,41.84724,359.7821,2.684848,355.3084,(0.0_ 0.0_ 1.0)
388.5182,1.825017,1.158262,41.92522,359.7661,2.727188,355.3311,(0.0_ 0.0_ 1.0)
388.5287,1.848235,1.158268,41.98607,359.7734,2.775389,355.3687,(0.0_ 0.0_ 1.0)
388.5401,1.875592,1.158263,42.06163,359.761,2.829976,355.3941,(0.0_ 0.0_ 1.0)
388.5516,1.903306,1.158272,42.13763,359.7567,2.855762,355.4189,(0.0_ 0.0_ 1.0)
388.5625,1.929131,1.15826,42.20698,359.7325,2.879441,355.4368,(0.1_ 0.0_ 1.0)
388.5737,1.956573,1.158261,42.28135,359.7329,2.944788,355.4806,(0.1_ 0.0_ 1.0)
388.5847,1.982511,1.158275,42.34921,359.7321,2.94645,355.4784,(0.1_ 0.0_ 1.0)
388.5957,2.009644,1.158267,42.42175,359.7237,2.972996,355.4909,(0.1_ 0.0_ 1.0)
388.607,2.035977,1.158265,42.48891,359.7018,2.978718,355.4998,(0.1_ 0.0_ 1.0)
388.6184,2.064529,1.158268,42.56433,359.67,3.008774,355.5301,(0.1_ 0.0_ 1.0)
388.6289,2.08877,1.158269,42.62429,359.6338,3.011547,355.548,(0.1_ 0.0_ 1.0)
388.6405,2.117789,1.158336,42.69978,359.6415,3.01757,355.5557,(0.1_ 0.0_ 1.0)
388.6519,2.146764,1.158355,42.77483,359.6222,3.014843,355.5932,(0.1_ 0.0_ 1.0)
388.6657,2.180334,1.158327,42.85943,359.573,3.053768,355.6185,(0.1_ 0.0_ 1.0)
388.6736,2.200892,1.158329,42.91179,359.5505,3.045213,355.657,(0.1_ 0.0_ 1.0)
388.6905,2.241341,1.158355,43.01109,359.5658,3.03441,355.7177,(0.1_ 0.0_ 1.0)
388.6962,2.256352,1.158351,43.0487,359.5663,3.0309,355.7465,(0.1_ 0.0_ 1.0)
388.7072,2.283287,1.158361,43.11369,359.5816,3.006902,355.7809,(0.1_ 0.0_ 1.0)
388.7192,2.314519,1.15836,43.1918,359.5946,2.97526,355.8423,(0.1_ 0.0_ 1.0)
388.7293,2.338714,1.158407,43.24843,359.6324,2.965256,355.8686,(0.1_ 0.0_ 1.0)
388.7409,2.369023,1.158415,43.3231,359.6271,2.938195,355.8983,(0.1_ 0.0_ 1.0)
388.7523,2.399242,1.158425,43.3975,359.6231,2.918128,355.9255,(0.1_ 0.0_ 1.0)
388.7625,2.425909,1.158411,43.46175,359.606,2.88788,355.9598,(0.1_ 0.0_ 1.0)
388.7739,2.456332,1.158442,43.53584,359.6281,2.862629,355.9888,(0.0_ 0.0_ 1.0)
388.7847,2.484249,1.158427,43.60168,359.6227,2.839704,356.0342,(0.0_ 0.0_ 1.0)
388.7959,2.51442,1.158448,43.67432,359.6376,2.80195,356.0583,(0.0_ 0.0_ 1.0)
388.8068,2.542034,1.158427,43.73804,359.6173,2.77656,356.0829,(0.0_ 0.0_ 1.0)
388.8185,2.574207,1.15842,43.81472,359.6185,2.741293,356.1328,(0.0_ 0.0_ 1.0)
388.8292,2.600827,1.158416,43.87463,359.6125,2.749578,356.1704,(0.0_ 0.0_ 1.0)
388.8403,2.631265,1.158419,43.94632,359.614,2.705227,356.2152,(0.0_ 0.0_ 1.0)
388.8515,2.662074,1.158405,44.01873,359.6055,2.688334,356.2494,(0.0_ 0.0_ 1.0)
388.8622,2.69128,1.158394,44.08617,359.6016,2.621936,356.2885,(0.0_ 0.0_ 1.0)
388.8766,2.731135,1.158394,44.17907,359.6168,2.576203,356.3521,(0.0_ 0.0_ 1.0)
388.8842,2.751452,1.158354,44.22445,359.6091,2.529192,356.391,(0.0_ 0.0_ 1.0)
388.8959,2.784109,1.158294,44.29981,359.5934,2.496649,356.4313,(0.0_ 0.0_ 1.0)
388.9064,2.811797,1.158291,44.36118,359.6373,2.449028,356.4445,(0.0_ 0.0_ 1.0)
388.9178,2.843958,1.158277,44.43465,359.6734,2.399471,356.4659,(0.0_ 0.0_ 1.0)
388.9287,2.872537,1.15822,44.49665,359.6793,2.339861,356.4748,(0.0_ 0.0_ 1.0)
388.9399,2.904538,1.158192,44.5691,359.7136,2.303892,356.4994,(0.0_ 0.0_ 1.0)
388.9513,2.93347,1.158139,44.63052,359.7424,2.26281,356.5364,(0.0_ 0.0_ 1.0)
388.9626,2.965241,1.158081,44.70098,359.7497,2.223239,356.5535,(0.0_ 0.0_ 1.0)
388.9734,2.996385,1.158037,44.77049,359.787,2.160873,356.5647,(0.0_ 0.0_ 1.0)
388.9842,3.026211,1.157957,44.83547,359.7926,2.142555,356.6147,(0.0_ 0.0_ 1.0)
388.9954,3.058895,1.157926,44.90788,359.841,2.107316,356.624,(0.0_ 0.0_ 1.0)
389.0068,3.089869,1.157904,44.97409,359.8659,2.080566,356.6412,(0.0_ 0.0_ 1.0)
389.0183,3.123421,1.15786,45.04793,359.875,2.079558,356.6664,(0.0_ 0.0_ 1.0)
389.0288,3.151553,1.157846,45.10666,359.908,2.039846,356.6779,(0.0_ 0.0_ 1.0)
389.0403,3.18538,1.157832,45.18034,359.9395,2.015406,356.689,(0.0_ 0.0_ 1.0)
389.0514,3.218086,1.157822,45.25135,359.9796,1.993205,356.7186,(0.0_ 0.0_ 1.0)
389.062,3.24876,1.157805,45.31714,359.9854,1.97264,356.7123,(0.0_ 0.0_ 1.0)
389.0738,3.283601,1.157766,45.39228,-0.003464,1.966184,356.7375,(0.0_ 0.0_ 1.0)
389.088,3.323133,1.157767,45.4749,0.050879,1.928566,356.7667,(0.0_ 0.0_ 1.0)
389.0953,3.345176,1.157723,45.52198,0.066151,1.942627,356.7725,(0.0_ 0.0_ 1.0)
389.1061,3.375689,1.157675,45.58515,0.082613,1.924033,356.7981,(0.0_ 0.0_ 1.0)
389.1182,3.411914,1.157633,45.66225,0.106647,1.925745,356.8332,(0.0_ 0.0_ 1.0)
389.1286,3.440329,1.157608,45.71981,0.143133,1.905742,356.8377,(0.0_ 0.0_ 1.0)
389.1399,3.474496,1.157571,45.79191,0.170385,1.900293,356.8663,(0.0_ 0.0_ 1.0)
389.1512,3.504878,1.15755,45.85271,0.189821,1.926403,356.8512,(0.0_ 0.0_ 1.0)
389.1621,3.537351,1.157503,45.9202,0.190818,1.928465,356.8698,(0.0_ 0.0_ 1.0)
389.1734,3.571639,1.157475,45.99191,0.198961,1.936146,356.8762,(0.0_ 0.0_ 1.0)
389.1846,3.604192,1.157425,46.05848,0.198166,1.944071,356.8817,(0.0_ 0.0_ 1.0)
389.1956,3.637847,1.157406,46.12843,0.214354,1.961981,356.8767,(0.0_ 0.0_ 1.0)
389.2063,3.668553,1.157375,46.19035,0.233868,2.005481,356.8811,(0.0_ 0.0_ 1.0)
389.218,3.704391,1.157332,46.2644,0.247849,2.007879,356.8882,(0.0_ 0.0_ 1.0)
389.2287,3.73443,1.157243,46.32385,0.264175,2.038962,356.9178,(0.0_ 0.0_ 1.0)
389.2401,3.769385,1.15723,46.39562,0.345468,2.052646,356.9226,(0.0_ 0.0_ 1.0)
389.2517,3.805273,1.157175,46.46924,0.379376,2.073503,356.923,(0.0_ 0.0_ 1.0)
389.262,3.836614,1.157127,46.53279,0.415328,2.114779,356.9394,(0.0_ 0.0_ 1.0)
389.2739,3.873572,1.15707,46.60826,0.444471,2.153571,356.9608,(0.0_ 0.0_ 1.0)
389.2882,3.914917,1.157057,46.69042,0.5015,2.173033,356.9648,(0.0_ 0.0_ 1.0)
389.2955,3.937895,1.157027,46.73695,0.522464,2.215854,356.9503,(0.0_ 0.0_ 1.0)
389.3064,3.969596,1.156987,46.79953,0.52514,2.243702,356.9455,(0.0_ 0.0_ 1.0)
389.3183,4.006594,1.156964,46.87442,0.560989,2.308356,356.9399,(0.0_ 0.0_ 1.0)
389.3289,4.036674,1.156921,46.93284,0.574595,2.342732,356.9134,(0.0_ 0.0_ 1.0)
389.3399,4.071092,1.156884,47.00213,0.596747,2.404042,356.9097,(0.0_ 0.0_ 1.0)
389.3513,4.102845,1.156865,47.06315,0.640331,2.43775,356.8953,(0.0_ 0.0_ 1.0)
389.3622,4.136193,1.156799,47.12943,0.646263,2.47593,356.9007,(0.0_ 0.0_ 1.0)
389.3736,4.172122,1.156776,47.20134,0.712295,2.51983,356.9003,(0.0_ 0.0_ 1.0)
389.3846,4.205235,1.156745,47.26633,0.753518,2.551414,356.9095,(0.0_ 0.0_ 1.0)
389.3956,4.239863,1.15673,47.33545,0.779627,2.622799,356.9069,(0.0_ 0.0_ 1.0)
389.4064,4.271591,1.156718,47.39711,0.794577,2.684218,356.9203,(0.0_ 0.0_ 1.0)
389.4182,4.308976,1.156713,47.47139,0.820294,2.734388,356.9194,(0.0_ 0.0_ 1.0)
389.4288,4.339415,1.156697,47.52972,0.850337,2.763844,356.9203,(0.0_ 0.0_ 1.0)
389.4399,4.374717,1.156686,47.59964,0.852912,2.817786,356.9084,(0.0_ 0.0_ 1.0)
389.4516,4.407351,1.156686,47.66166,0.86807,2.883305,356.9061,(0.1_ 0.0_ 1.0)
389.4625,4.440924,1.156675,47.72739,0.877403,2.955822,356.903,(0.1_ 0.0_ 1.0)
389.474,4.477605,1.156641,47.79972,0.913303,2.983539,356.8894,(0.1_ 0.0_ 1.0)
389.4881,4.519372,1.15661,47.88042,0.959152,3.03434,356.8639,(0.1_ 0.0_ 1.0)
389.4958,4.543974,1.156582,47.9286,0.988173,3.10088,356.8803,(0.1_ 0.0_ 1.0)
389.5065,4.575643,1.156579,47.9894,1.024065,3.161235,356.8676,(0.1_ 0.0_ 1.0)
389.518,4.612627,1.156557,48.06185,1.047065,3.20296,356.8683,(0.1_ 0.0_ 1.0)
389.5287,4.643429,1.15657,48.1204,1.047957,3.276442,356.8541,(0.1_ 0.0_ 1.0)
389.5401,4.679884,1.156561,48.19154,1.081393,3.298293,356.8421,(0.1_ 0.0_ 1.0)
389.5514,4.716053,1.156559,48.26233,1.071796,3.400582,356.8353,(0.1_ 0.0_ 1.0)
389.5621,4.749794,1.156556,48.32763,1.091784,3.454902,356.8264,(0.1_ 0.0_ 1.0)
389.5738,4.787205,1.156547,48.40055,1.104085,3.524692,356.8024,(0.1_ 0.0_ 1.0)
389.5849,4.82114,1.156532,48.46564,1.120544,3.599191,356.7787,(0.1_ 0.0_ 1.0)
389.5956,4.855432,1.156511,48.53222,1.144595,3.665433,356.7658,(0.1_ 0.0_ 1.0)
389.6063,4.887482,1.156487,48.59315,1.174395,3.739422,356.7463,(0.1_ 0.0_ 1.0)
389.6182,4.925998,1.15646,48.66786,1.190344,3.816178,356.7367,(0.1_ 0.0_ 1.0)
389.629,4.957233,1.156446,48.72656,1.235984,3.889492,356.7074,(0.1_ 0.0_ 1.0)
389.6401,4.993143,1.156429,48.79602,1.247679,3.957999,356.7016,(0.1_ 0.0_ 1.0)
389.6514,5.029607,1.156409,48.86657,1.244547,4.032641,356.7016,(0.1_ 0.0_ 1.0)
389.6619,5.062747,1.156398,48.93009,1.274584,4.116045,356.6798,(0.1_ 0.0_ 1.0)
389.6736,5.100806,1.156393,49.00348,1.288887,4.185635,356.6673,(0.1_ 0.0_ 1.0)
389.6845,5.134168,1.156377,49.06697,1.291596,4.264593,356.6566,(0.1_ 0.0_ 1.0)
389.6992,5.181944,1.156358,49.15915,1.312718,4.354963,356.653,(0.1_ 0.0_ 1.0)
389.7061,5.201938,1.156347,49.19627,1.32945,4.413253,356.6443,(0.1_ 0.0_ 1.0)
389.7181,5.240884,1.156325,49.2711,1.349344,4.49616,356.6266,(0.1_ 0.0_ 1.0)
389.7288,5.27181,1.156309,49.32895,1.365904,4.564639,356.625,(0.1_ 0.0_ 1.0)
389.7401,5.308788,1.156293,49.39986,1.37864,4.63234,356.6172,(0.1_ 0.0_ 1.0)
389.7513,5.34514,1.156276,49.46949,1.399193,4.700008,356.6088,(0.1_ 0.0_ 1.0)
389.762,5.378991,1.156254,49.53398,1.403849,4.769619,356.5991,(0.1_ 0.0_ 1.0)
389.7735,5.416546,1.15623,49.60577,1.425913,4.81955,356.5755,(0.1_ 0.0_ 1.0)
389.7845,5.450657,1.156214,49.67031,1.428864,4.887619,356.5756,(0.1_ 0.0_ 1.0)
389.7959,5.487911,1.156189,49.74141,1.454668,4.939054,356.5587,(0.1_ 0.0_ 1.0)
389.8064,5.519517,1.156161,49.80066,1.465965,4.992432,356.5501,(0.1_ 0.0_ 1.0)
389.8183,5.558342,1.156126,49.87472,1.482169,5.055009,356.5473,(0.1_ 0.0_ 1.0)
389.829,5.589459,1.156085,49.93258,1.504493,5.104594,356.5272,(0.1_ 0.0_ 1.0)
389.8403,5.626314,1.156033,50.00265,1.530319,5.151998,356.5189,(0.1_ 0.0_ 1.0)
389.8516,5.663289,1.155991,50.07291,1.567012,5.1992,356.5135,(0.1_ 0.0_ 1.0)
389.8622,5.696997,1.155957,50.13665,1.584395,5.25912,356.5007,(0.1_ 0.0_ 1.0)
389.8736,5.734435,1.155928,50.20772,1.607437,5.314524,356.4896,(0.1_ 0.0_ 1.0)
389.8848,5.769276,1.155905,50.27312,1.62425,5.362967,356.4746,(0.1_ 0.0_ 1.0)
389.899,5.815866,1.15588,50.36158,1.644454,5.425951,356.4548,(0.1_ 0.0_ 1.0)
389.9066,5.83789,1.15586,50.40218,1.656806,5.459805,356.4434,(0.1_ 0.0_ 1.0)
389.9182,5.876204,1.155822,50.47471,1.673317,5.526536,356.4362,(0.1_ 0.0_ 1.0)
389.9287,5.906988,1.155782,50.53166,1.692108,5.579093,356.4295,(0.1_ 0.0_ 1.0)
389.94,5.944214,1.155723,50.60185,1.739164,5.638965,356.4053,(0.1_ 0.0_ 1.0)
389.9518,5.983016,1.155702,50.67516,1.743323,5.698121,356.4093,(0.1_ 0.0_ 1.0)
389.9621,6.015955,1.155672,50.7369,1.785186,5.761935,356.3745,(0.1_ 0.0_ 1.0)
389.9734,6.053267,1.155663,50.8072,1.803759,5.816992,356.3571,(0.1_ 0.0_ 1.0)
389.9844,6.087737,1.155657,50.87151,1.82821,5.872781,356.3268,(0.1_ 0.0_ 1.0)
389.9959,6.125625,1.155638,50.94286,1.836973,5.954317,356.2943,(0.1_ 0.0_ 1.0)
390.0068,6.158548,1.15562,51.00391,1.853389,5.980395,356.2884,(0.1_ 0.0_ 1.0)
390.0182,6.19648,1.155611,51.07526,1.866545,6.036732,356.2841,(0.1_ 0.0_ 1.0)
390.0287,6.227332,1.155607,51.13205,1.909065,6.110886,356.2766,(0.1_ 0.0_ 1.0)
390.0406,6.266092,1.155585,51.20473,1.932249,6.161197,356.2508,(0.1_ 0.0_ 1.0)
390.0518,6.303369,1.155567,51.27464,1.968605,6.222704,356.2328,(0.1_ 0.0_ 1.0)
390.062,6.336247,1.155547,51.33598,2.001833,6.264753,356.2221,(0.1_ 0.0_ 1.0)
390.0737,6.374819,1.155527,51.40826,2.033319,6.323328,356.2121,(0.1_ 0.0_ 1.0)
390.0848,6.409485,1.155494,51.47263,2.059121,6.387879,356.2013,(0.1_ 0.0_ 1.0)
390.096,6.446702,1.155466,51.54227,2.091026,6.437831,356.1606,(0.1_ 0.0_ 1.0)
390.1096,6.487485,1.155448,51.61752,2.128649,6.474919,356.1352,(0.1_ 0.0_ 1.0)
390.1181,6.515603,1.155417,51.66998,2.153031,6.514194,356.1172,(0.1_ 0.0_ 1.0)
390.1287,6.547069,1.155397,51.72779,2.175409,6.588179,356.1158,(0.1_ 0.0_ 1.0)
390.1402,6.585029,1.155372,51.79862,2.203325,6.624663,356.0992,(0.1_ 0.0_ 1.0)
390.1516,6.622799,1.155345,51.86911,2.229082,6.688635,356.0848,(0.1_ 0.0_ 1.0)
390.1621,6.656933,1.155328,51.93244,2.252085,6.704907,356.0658,(0.1_ 0.0_ 1.0)
390.1739,6.696144,1.155316,52.00544,2.291907,6.736126,356.0486,(0.1_ 0.0_ 1.0)
390.1847,6.730016,1.155292,52.06801,2.304754,6.778819,356.0388,(0.1_ 0.0_ 1.0)
390.196,6.767456,1.155273,52.1377,2.313014,6.823757,356.0378,(0.1_ 0.0_ 1.0)
390.2065,6.799687,1.155263,52.19692,2.346937,6.870653,356.026,(0.1_ 0.0_ 1.0)
390.2181,6.838075,1.155242,52.26825,2.358082,6.900847,356.0159,(0.1_ 0.0_ 1.0)
390.2287,6.869664,1.15524,52.3259,2.393812,6.92053,355.9963,(0.1_ 0.0_ 1.0)
390.2402,6.907783,1.155214,52.39663,2.403795,6.95878,355.9899,(0.1_ 0.0_ 1.0)
390.2517,6.946394,1.155194,52.46821,2.416666,6.989985,355.9729,(0.1_ 0.0_ 1.0)
390.262,6.979736,1.155173,52.52977,2.433336,7.037704,355.9547,(0.1_ 0.0_ 1.0)
390.273,7.016613,1.155167,52.59801,2.460655,7.076172,355.929,(0.1_ 0.0_ 1.0)
390.2844,7.052388,1.155152,52.66375,2.476585,7.106894,355.905,(0.1_ 0.0_ 1.0)
390.2953,7.088997,1.155131,52.73148,2.476499,7.139577,355.9117,(0.1_ 0.0_ 1.0)
390.3066,7.123672,1.155121,52.79485,2.490389,7.16365,355.8879,(0.1_ 0.0_ 1.0)
390.3216,7.173071,1.155111,52.88603,2.506483,7.196385,355.8763,(0.1_ 0.0_ 1.0)
390.3289,7.197658,1.155096,52.93128,2.509012,7.248209,355.8624,(0.1_ 0.0_ 1.0)
390.3397,7.233865,1.155089,52.99799,2.524921,7.282434,355.8516,(0.1_ 0.0_ 1.0)
390.3514,7.267969,1.155097,53.05972,2.555573,7.321945,355.8166,(0.1_ 0.0_ 1.0)
390.3625,7.303982,1.155064,53.12586,2.547389,7.379218,355.8092,(0.1_ 0.0_ 1.0)
390.3734,7.34054,1.155059,53.19307,2.562828,7.417819,355.7873,(0.1_ 0.0_ 1.0)
390.3847,7.376283,1.15505,53.25838,2.574954,7.471304,355.7672,(0.1_ 0.0_ 1.0)
390.3958,7.413399,1.155032,53.32659,2.578088,7.49668,355.7538,(0.1_ 0.0_ 1.0)
390.4065,7.446349,1.155022,53.38653,2.592397,7.54597,355.7372,(0.1_ 0.0_ 1.0)
390.4182,7.485631,1.155006,53.45856,2.618403,7.596825,355.7086,(0.1_ 0.0_ 1.0)
390.429,7.517762,1.15499,53.51673,2.638533,7.634735,355.6917,(0.1_ 0.0_ 1.0)
390.4399,7.554568,1.154942,53.58427,2.632649,7.696266,355.6773,(0.1_ 0.0_ 1.0)
390.4511,7.587139,1.154904,53.64301,2.672308,7.736979,355.6607,(0.1_ 0.0_ 1.0)
390.4628,7.625157,1.15486,53.71247,2.675096,7.791573,355.6324,(0.1_ 0.0_ 1.0)
390.4736,7.661325,1.154836,53.77867,2.689636,7.807769,355.6026,(0.1_ 0.0_ 1.0)
390.4847,7.696536,1.154807,53.84271,2.707901,7.856523,355.5692,(0.1_ 0.0_ 1.0)
390.4958,7.734082,1.154765,53.9114,2.716111,7.901604,355.5351,(0.1_ 0.0_ 1.0)
390.5069,7.76819,1.154762,53.97326,2.735934,7.921227,355.5352,(0.1_ 0.0_ 1.0)
390.5218,7.817255,1.154729,54.06312,2.722973,7.974415,355.5197,(0.1_ 0.0_ 1.0)
390.529,7.841792,1.154707,54.10783,2.72832,8.012272,355.4987,(0.1_ 0.0_ 1.0)
390.54,7.878864,1.154704,54.17552,2.743059,8.038785,355.4663,(0.1_ 0.0_ 1.0)
390.5516,7.917708,1.154682,54.24659,2.732342,8.073952,355.466,(0.1_ 0.0_ 1.0)
390.5621,7.952321,1.154673,54.30964,2.728808,8.096748,355.45,(0.1_ 0.0_ 1.0)
390.5735,7.990763,1.154658,54.3798,2.717839,8.137811,355.4366,(0.1_ 0.0_ 1.0)
390.5844,8.025372,1.154669,54.44267,2.719717,8.15914,355.4214,(0.1_ 0.0_ 1.0)
390.596,8.064388,1.15467,54.51387,2.72075,8.182326,355.4045,(0.1_ 0.0_ 1.0)
390.6064,8.096366,1.15466,54.57177,2.705766,8.206335,355.3945,(0.1_ 0.0_ 1.0)
390.6182,8.136191,1.154658,54.64445,2.699823,8.234291,355.3854,(0.1_ 0.0_ 1.0)
390.6286,8.167285,1.154669,54.70054,2.694917,8.251997,355.3711,(0.1_ 0.0_ 1.0)
390.6403,8.206569,1.154672,54.77218,2.685029,8.277913,355.3684,(0.1_ 0.0_ 1.0)
390.6514,8.243919,1.154693,54.84023,2.68064,8.289359,355.3572,(0.1_ 0.0_ 1.0)
390.6619,8.278543,1.154696,54.90316,2.654662,8.30927,355.339,(0.1_ 0.0_ 1.0)
390.6736,8.31781,1.154707,54.97465,2.650411,8.312242,355.3438,(0.1_ 0.0_ 1.0)
390.6845,8.352612,1.154715,55.03778,2.63688,8.344088,355.3393,(0.1_ 0.0_ 1.0)
390.7016,8.409425,1.154732,55.14128,2.636371,8.353413,355.3315,(0.1_ 0.0_ 1.0)
390.7066,8.426497,1.154742,55.1722,2.621884,8.370704,355.3253,(0.1_ 0.0_ 1.0)
390.7188,8.467595,1.154762,55.24702,2.619424,8.396196,355.3192,(0.1_ 0.0_ 1.0)
390.7331,8.509665,1.154781,55.32284,2.612687,8.412508,355.316,(0.1_ 0.0_ 1.0)
390.7406,8.534587,1.154798,55.36802,2.59275,8.427538,355.3133,(0.1_ 0.0_ 1.0)
390.7521,8.573438,1.154819,55.4387,2.593907,8.460512,355.3099,(0.1_ 0.0_ 1.0)
390.7625,8.607431,1.154829,55.50033,2.592128,8.483735,355.3171,(0.1_ 0.0_ 1.0)
390.774,8.646179,1.154846,55.57073,2.592101,8.510237,355.3199,(0.1_ 0.0_ 1.0)
390.7849,8.680929,1.154864,55.63358,2.589239,8.524928,355.3183,(0.1_ 0.0_ 1.0)
390.7961,8.718498,1.154879,55.70182,2.587518,8.547601,355.3172,(0.1_ 0.0_ 1.0)
390.8068,8.751486,1.154891,55.76134,2.584497,8.571606,355.3176,(0.1_ 0.0_ 1.0)
390.8186,8.791425,1.154901,55.83383,2.581486,8.589574,355.3211,(0.1_ 0.0_ 1.0)
390.8291,8.82262,1.154919,55.88995,2.589494,8.605595,355.3184,(0.1_ 0.0_ 1.0)
390.8399,8.859389,1.154924,55.95663,2.590186,8.619967,355.3182,(0.1_ 0.0_ 1.0)
390.8512,8.892122,1.154931,56.0154,2.596194,8.632925,355.3197,(0.1_ 0.0_ 1.0)
390.8622,8.928447,1.154925,56.08113,2.592818,8.652098,355.3152,(0.2_ 0.0_ 1.0)
390.8733,8.965919,1.154924,56.14905,2.596894,8.666487,355.3129,(0.2_ 0.0_ 1.0)
390.8849,9.00271,1.154919,56.21549,2.596496,8.681336,355.3132,(0.2_ 0.0_ 1.0)
390.8956,9.039172,1.15492,56.28154,2.602106,8.697059,355.312,(0.2_ 0.0_ 1.0)
390.9063,9.072412,1.154913,56.34144,2.59095,8.710791,355.3164,(0.2_ 0.0_ 1.0)
390.9181,9.112255,1.15491,56.41359,2.592676,8.722439,355.3236,(0.2_ 0.0_ 1.0)
390.9283,9.142849,1.154873,56.46858,2.595396,8.732937,355.323,(0.2_ 0.0_ 1.0)
390.9436,9.192977,1.154869,56.55919,2.60062,8.739627,355.3375,(0.2_ 0.0_ 1.0)
390.9511,9.218302,1.15486,56.60498,2.604245,8.744169,355.3448,(0.2_ 0.0_ 1.0)
390.9627,9.256443,1.15487,56.67384,2.62011,8.766322,355.3459,(0.2_ 0.0_ 1.0)
390.9736,9.293364,1.15487,56.74061,2.627308,8.778367,355.3325,(0.2_ 0.0_ 1.0)
390.9843,9.327454,1.154882,56.80203,2.643593,8.783611,355.3222,(0.2_ 0.0_ 1.0)
390.995,9.363832,1.154898,56.86783,2.661091,8.812491,355.3013,(0.2_ 0.0_ 1.0)
391.0061,9.398498,1.154919,56.93018,2.668337,8.817597,355.2992,(0.2_ 0.0_ 1.0)
391.018,9.439146,1.154932,57.0036,2.674578,8.824367,355.2975,(0.2_ 0.0_ 1.0)
391.0285,9.470542,1.154953,57.05993,2.677402,8.845406,355.2961,(0.2_ 0.0_ 1.0)
391.0401,9.509953,1.154962,57.13108,2.679032,8.86879,355.3039,(0.2_ 0.0_ 1.0)
391.051,9.546859,1.15497,57.19771,2.675392,8.903408,355.3094,(0.2_ 0.0_ 1.0)
391.0619,9.582884,1.15499,57.2626,2.685731,8.919875,355.3084,(0.2_ 0.0_ 1.0)
391.0729,9.62053,1.155007,57.33052,2.690839,8.955401,355.3126,(0.2_ 0.0_ 1.0)
391.0844,9.657271,1.155017,57.39659,2.698531,8.98786,355.3172,(0.2_ 0.0_ 1.0)
391.0956,9.695371,1.155028,57.46525,2.713888,9.019979,355.3283,(0.2_ 0.0_ 1.0)
391.1061,9.728137,1.155034,57.52405,2.729973,9.072372,355.3361,(0.2_ 0.0_ 1.0)
391.118,9.768711,1.155028,57.59713,2.743223,9.12324,355.3464,(0.2_ 0.0_ 1.0)
391.1286,9.800403,1.15503,57.65381,2.770036,9.190106,355.3634,(0.2_ 0.0_ 1.0)
391.1441,9.85115,1.155033,57.745,2.810196,9.265709,355.39,(0.2_ 0.0_ 1.0)
391.151,9.874926,1.15501,57.78763,2.814425,9.3128,355.4111,(0.2_ 0.0_ 1.0)
391.1617,9.910531,1.154996,57.85154,2.826154,9.387337,355.4253,(0.2_ 0.0_ 1.0)
391.1734,9.950172,1.155005,57.9227,2.861184,9.451298,355.4432,(0.2_ 0.0_ 1.0)
391.1842,9.984968,1.154986,57.985,2.861138,9.511035,355.4454,(0.2_ 0.0_ 1.0)
391.1956,10.02374,1.15499,58.05458,2.881594,9.58674,355.4318,(0.2_ -0.1_ 1.0)
391.2062,10.05694,1.154988,58.11391,2.893965,9.691646,355.4416,(0.2_ -0.1_ 1.0)
391.218,10.09729,1.154979,58.18624,2.899505,9.760457,355.4675,(0.2_ -0.1_ 1.0)
391.2288,10.12977,1.155006,58.24411,2.919363,9.779292,355.4377,(0.2_ -0.1_ 1.0)
391.24,10.16827,1.155009,58.31304,2.93262,9.897201,355.4659,(0.2_ -0.1_ 1.0)
391.2514,10.20696,1.155012,58.38231,2.935071,9.94325,355.4499,(0.2_ -0.1_ 1.0)
391.262,10.24237,1.155053,58.44559,2.958706,10.04135,355.4208,(0.2_ -0.1_ 1.0)
391.2734,10.2813,1.155087,58.51522,2.959301,10.1144,355.4032,(0.2_ -0.1_ 1.0)
391.2846,10.3174,1.155126,58.5796,2.954285,10.18963,355.3773,(0.2_ -0.1_ 1.0)
391.2959,10.35587,1.155119,58.6484,2.911637,10.29043,355.366,(0.2_ -0.1_ 1.0)
391.307,10.3903,1.155221,58.70967,2.95681,10.39407,355.3313,(0.2_ -0.1_ 1.0)
391.3183,10.4289,1.155237,58.77865,2.931413,10.52034,355.3287,(0.2_ -0.1_ 1.0)
391.3289,10.46106,1.155274,58.83568,2.902637,10.61568,355.3286,(0.2_ -0.1_ 1.0)
391.3438,10.50994,1.155335,58.92289,2.883148,10.73733,355.3525,(0.2_ -0.1_ 1.0)
391.3514,10.5362,1.155402,58.96968,2.86416,10.87332,355.3452,(0.2_ 0.0_ 1.0)
391.3622,10.57217,1.15547,59.03365,2.863136,10.97973,355.3509,(0.2_ 0.0_ 1.0)
391.3737,10.61149,1.1555,59.10366,2.841355,11.10496,355.3764,(0.2_ 0.0_ 1.0)
391.3844,10.64608,1.155557,59.165,2.842615,11.21317,355.369,(0.2_ 0.0_ 1.0)
391.3957,10.68487,1.155572,59.2339,2.809339,11.31384,355.3775,(0.2_ 0.0_ 1.0)
391.4066,10.71912,1.155593,59.29439,2.783778,11.4099,355.3884,(0.2_ 0.0_ 1.0)
391.4186,10.76026,1.155646,59.36734,2.773838,11.53296,355.3965,(0.2_ 0.0_ 1.0)
391.4285,10.79041,1.155646,59.4202,2.713207,11.59633,355.4082,(0.2_ 0.0_ 1.0)
391.44,10.83,1.155659,59.49004,2.665289,11.67782,355.4409,(0.2_ 0.0_ 1.0)
391.4518,10.87097,1.155663,59.56219,2.615272,11.77469,355.4471,(0.2_ 0.0_ 1.0)
391.462,10.90539,1.155664,59.62244,2.588019,11.82971,355.4489,(0.2_ 0.0_ 1.0)
391.4734,10.94501,1.15565,59.69177,2.576452,11.88996,355.4379,(0.2_ 0.0_ 1.0)
391.4848,10.98222,1.155631,59.75648,2.598196,11.97018,355.4335,(0.2_ 0.0_ 1.0)
391.4958,11.02087,1.155651,59.82374,2.639952,11.99991,355.3992,(0.2_ 0.0_ 1.0)
391.5064,11.05483,1.155633,59.88226,2.648045,12.09636,355.3611,(0.2_ 0.0_ 1.0)
391.5181,11.09594,1.155651,59.95329,2.686393,12.12384,355.3185,(0.2_ 0.0_ 1.0)
391.5287,11.12885,1.155656,60.00956,2.711619,12.21148,355.2804,(0.2_ 0.0_ 1.0)
391.5403,11.1695,1.155675,60.07939,2.757763,12.27723,355.2463,(0.2_ 0.0_ 1.0)
391.5547,11.22069,1.155679,60.16717,2.774867,12.33067,355.1959,(0.2_ 0.0_ 1.0)
391.5615,11.24402,1.155722,60.20667,2.809818,12.40524,355.1432,(0.2_ 0.0_ 1.0)
391.5731,11.28503,1.155757,60.27643,2.83495,12.47483,355.1127,(0.2_ 0.0_ 1.0)
391.5846,11.32377,1.155793,60.34188,2.856375,12.57583,355.0679,(0.2_ 0.0_ 1.0)
391.5958,11.3639,1.155853,60.40972,2.890718,12.67663,355.0146,(0.2_ -0.1_ 1.0)
391.6064,11.39869,1.155883,60.46786,2.896386,12.79737,354.9852,(0.2_ -0.1_ 1.0)
391.6177,11.43916,1.155959,60.53582,2.905623,12.90566,354.9557,(0.2_ -0.1_ 1.0)
391.6291,11.47562,1.156017,60.59616,2.874572,13.02565,354.9641,(0.2_ -0.1_ 1.0)
391.6396,11.51336,1.156064,60.65899,2.820151,13.11901,354.9947,(0.2_ 0.0_ 1.0)
391.6509,11.54905,1.156159,60.71749,2.788162,13.24213,354.9942,(0.2_ 0.0_ 1.0)
391.6622,11.58876,1.156254,60.783,2.734537,13.32659,355.0028,(0.2_ 0.0_ 1.0)
391.6733,11.6291,1.156348,60.84956,2.673842,13.43426,354.9864,(0.2_ 0.0_ 1.0)
391.6841,11.66651,1.15642,60.91069,2.600189,13.53028,354.9922,(0.2_ 0.0_ 1.0)
391.6954,11.70778,1.156513,60.9783,2.555203,13.64136,354.9964,(0.2_ 0.0_ 1.0)
391.7068,11.74614,1.156584,61.04025,2.495129,13.71661,354.9948,(0.2_ 0.0_ 1.0)
391.718,11.78712,1.156654,61.10685,2.431218,13.80429,354.9901,(0.2_ 0.0_ 1.0)
391.7283,11.82116,1.156735,61.16123,2.380918,13.90633,354.9759,(0.2_ 0.0_ 1.0)
391.7397,11.86317,1.1568,61.22894,2.326489,13.97639,355.0086,(0.2_ 0.0_ 1.0)
391.7511,11.89989,1.156876,61.28695,2.272403,14.07561,354.9796,(0.2_ 0.0_ 1.0)
391.7656,11.95106,1.156935,61.36841,2.244181,14.14762,354.9695,(0.2_ 0.0_ 1.0)
391.7729,11.9784,1.156988,61.41182,2.210082,14.25324,354.9695,(0.2_ 0.0_ 1.0)
391.7842,12.01849,1.157048,61.47508,2.189017,14.34956,354.9454,(0.2_ 0.0_ 1.0)
391.7957,12.06138,1.157082,61.54293,2.164405,14.45674,354.9712,(0.2_ 0.0_ 1.0)
391.8066,12.09919,1.157142,61.60182,2.149432,14.56631,354.979,(0.3_ 0.0_ 1.0)
391.8178,12.14161,1.157182,61.66843,2.127668,14.68126,355.0027,(0.3_ 0.0_ 1.0)
391.8285,12.17761,1.157235,61.72375,2.110543,14.7563,354.9929,(0.3_ 0.0_ 1.0)
391.8398,12.22079,1.157253,61.79112,2.091153,14.89304,354.9923,(0.3_ 0.0_ 1.0)
391.8512,12.25844,1.157286,61.8483,2.093692,14.98351,354.9868,(0.3_ 0.0_ 1.0)
391.8623,12.29958,1.157328,61.9117,2.091425,15.10758,354.9888,(0.3_ 0.0_ 1.0)
391.8732,12.34119,1.157356,61.9758,2.077222,15.21394,354.983,(0.3_ 0.0_ 1.0)
391.8848,12.38323,1.157385,62.03979,2.066687,15.32706,354.9944,(0.3_ 0.0_ 1.0)
391.8958,12.4255,1.157419,62.10429,2.080766,15.39624,355.0251,(0.3_ 0.0_ 1.0)
391.9063,12.4627,1.157408,62.16024,2.048243,15.48473,355.0264,(0.3_ 0.0_ 1.0)
391.9184,12.50966,1.15742,62.23148,2.015188,15.61204,355.0525,(0.3_ 0.0_ 1.0)
391.9286,12.54489,1.157468,62.28368,2.024874,15.70636,355.0483,(0.3_ 0.0_ 1.0)
391.94,12.58949,1.157482,62.35077,2.015667,15.78138,355.0637,(0.3_ 0.0_ 1.0)
391.9517,12.63502,1.157502,62.41895,1.993172,15.89298,355.0704,(0.3_ 0.0_ 1.0)
391.9657,12.68679,1.15751,62.49555,1.994252,15.96252,355.0757,(0.3_ 0.0_ 1.0)
391.9732,12.71638,1.15753,62.53931,1.996087,16.04807,355.0698,(0.3_ 0.0_ 1.0)
391.9843,12.75778,1.157543,62.60001,2.002406,16.12189,355.0737,(0.3_ 0.0_ 1.0)
391.996,12.80421,1.157545,62.66837,1.99873,16.18712,355.0851,(0.3_ 0.0_ 1.0)
392.0065,12.84264,1.157572,62.72384,2.00458,16.2682,355.0944,(0.3_ 0.0_ 1.0)
392.0181,12.88868,1.157597,62.79106,2.014796,16.32718,355.0919,(0.3_ 0.0_ 1.0)
392.0286,12.92595,1.157576,62.84405,2.006281,16.39183,355.0889,(0.3_ 0.0_ 1.0)
392.0397,12.97057,1.157599,62.90859,2.004839,16.44498,355.0849,(0.3_ 0.0_ 1.0)
392.0509,13.00982,1.157627,62.96368,1.996475,16.50775,355.0816,(0.3_ 0.0_ 1.0)
392.0622,13.05401,1.157638,63.02681,1.983168,16.57796,355.0833,(0.3_ 0.0_ 1.0)
392.0735,13.09975,1.157655,63.09215,1.972808,16.63986,355.0698,(0.3_ 0.0_ 1.0)
392.0842,13.14073,1.157667,63.14983,1.967821,16.70566,355.0641,(0.3_ 0.0_ 1.0)
392.0957,13.18751,1.15768,63.21603,1.964923,16.77085,355.0529,(0.3_ 0.0_ 1.0)
392.1064,13.22794,1.157692,63.27209,1.9583,16.85108,355.0435,(0.3_ 0.0_ 1.0)
392.1181,13.27579,1.157689,63.33922,1.957991,16.92717,355.0431,(0.3_ 0.0_ 1.0)
392.1287,13.31468,1.157707,63.39219,1.955634,17.01942,355.0306,(0.3_ 0.0_ 1.0)
392.14,13.36084,1.157735,63.45632,1.967976,17.1426,355.0162,(0.3_ 0.0_ 1.0)
392.151,13.40075,1.157721,63.50987,1.964703,17.25425,355.0206,(0.3_ 0.0_ 1.0)
392.1624,13.4465,1.157747,63.57253,1.980904,17.40473,354.9918,(0.3_ 0.0_ 1.0)
392.1766,13.50559,1.157737,63.65356,1.983644,17.55448,354.9868,(0.3_ 0.0_ 1.0)
392.1843,13.5355,1.15775,63.69346,1.998438,17.69252,354.9839,(0.3_ 0.0_ 1.0)
392.1959,13.58398,1.157776,63.75927,1.997723,17.84178,354.9656,(0.3_ 0.0_ 1.0)
392.2065,13.62493,1.157809,63.81359,2.003673,18.05064,354.9571,(0.3_ 0.0_ 1.0)
392.218,13.67346,1.15783,63.87876,1.995685,18.21778,354.9615,(0.3_ 0.0_ 0.9)
392.2292,13.7155,1.15785,63.9336,1.970862,18.48816,354.9686,(0.3_ 0.0_ 0.9)
392.24,13.76125,1.157895,63.99441,1.973834,18.71654,354.9644,(0.3_ 0.0_ 0.9)
392.2514,13.80372,1.157907,64.04886,1.976877,18.99976,354.9864,(0.3_ 0.0_ 0.9)
392.2624,13.8493,1.157926,64.10846,1.995203,19.2496,355.0027,(0.3_ 0.0_ 0.9)
392.2736,13.8973,1.157931,64.17136,2.024199,19.53197,355.0078,(0.3_ 0.0_ 0.9)
392.2846,13.94198,1.157936,64.22884,2.051088,19.81288,355.0144,(0.3_ 0.0_ 0.9)
392.2957,13.98939,1.157936,64.29044,2.064983,20.1487,355.0013,(0.3_ 0.0_ 0.9)
392.3065,14.03287,1.157946,64.3454,2.064728,20.38841,355.0078,(0.3_ 0.0_ 0.9)
392.318,14.08253,1.157949,64.40923,2.051148,20.69995,355.0342,(0.4_ 0.0_ 0.9)
392.3284,14.1231,1.157983,64.45966,2.027214,20.99004,355.0257,(0.4_ 0.0_ 0.9)
392.3402,14.17457,1.157994,64.52515,1.997273,21.31071,355.0588,(0.4_ 0.0_ 0.9)
392.3514,14.22328,1.158007,64.5868,1.976522,21.6084,355.0732,(0.4_ 0.0_ 0.9)
392.362,14.26875,1.158043,64.64365,1.977929,21.8796,355.0703,(0.4_ 0.0_ 0.9)
392.3736,14.3196,1.158042,64.70733,1.95323,22.12949,355.077,(0.4_ 0.0_ 0.9)
392.3878,14.3778,1.158074,64.77876,1.959189,22.41101,355.0746,(0.4_ 0.0_ 0.9)
392.3955,14.41204,1.158085,64.82095,1.940445,22.67324,355.0667,(0.4_ 0.0_ 0.9)
392.4066,14.45764,1.158099,64.87608,1.929145,22.93067,355.0608,(0.4_ 0.0_ 0.9)
392.4181,14.5087,1.158133,64.93883,1.927704,23.20569,355.045,(0.4_ 0.0_ 0.9)
392.4285,14.55058,1.158144,64.9884,1.910666,23.44867,355.0353,(0.4_ 0.0_ 0.9)
392.4398,14.60112,1.158171,65.04989,1.881079,23.7126,355.0076,(0.4_ 0.0_ 0.9)
392.4514,14.6471,1.158157,65.1034,1.83775,23.92779,354.9989,(0.4_ 0.0_ 0.9)
392.4621,14.6942,1.158176,65.15971,1.808329,24.18736,354.9838,(0.4_ 0.0_ 0.9)
392.4734,14.7454,1.158192,65.22099,1.788495,24.42113,354.9566,(0.4_ 0.0_ 0.9)
392.4843,14.79218,1.158206,65.27587,1.775423,24.64062,354.937,(0.4_ 0.0_ 0.9)
392.4955,14.84331,1.158207,65.33646,1.767257,24.8537,354.9041,(0.4_ 0.0_ 0.9)
392.5063,14.88904,1.158225,65.38923,1.747525,25.08396,354.8607,(0.4_ 0.0_ 0.9)
392.518,14.94263,1.158238,65.4521,1.739068,25.3128,354.8434,(0.4_ 0.0_ 0.9)
392.5287,14.98647,1.158263,65.50158,1.727672,25.50723,354.823,(0.4_ 0.0_ 0.9)
392.5402,15.03932,1.158274,65.56289,1.708887,25.71538,354.787,(0.4_ 0.0_ 0.9)
392.5512,15.09024,1.158242,65.6217,1.659211,25.96058,354.7657,(0.4_ 0.0_ 0.9)
392.5617,15.13813,1.158275,65.67628,1.671222,26.13701,354.7433,(0.4_ 0.0_ 0.9)
392.5736,15.19303,1.158274,65.73904,1.649614,26.37142,354.7288,(0.4_ 0.0_ 0.9)
392.59,15.26342,1.158314,65.8175,1.651466,26.57095,354.6827,(0.4_ 0.0_ 0.9)
392.5987,15.30453,1.158321,65.86378,1.622135,26.80509,354.6471,(0.5_ 0.0_ 0.9)
392.607,15.33958,1.158334,65.90165,1.589082,27.02347,354.612,(0.5_ 0.0_ 0.9)
392.619,15.39583,1.158352,65.9646,1.564161,27.28296,354.597,(0.5_ 0.0_ 0.9)
392.6292,15.43865,1.15835,66.01048,1.522475,27.56572,354.5792,(0.5_ 0.0_ 0.9)
392.6407,15.49256,1.158385,66.06999,1.517448,27.8491,354.5558,(0.5_ 0.0_ 0.9)
392.652,15.54625,1.158358,66.12904,1.480131,28.17954,354.5813,(0.5_ 0.0_ 0.9)
392.6622,15.59383,1.158364,66.18059,1.464016,28.48736,354.5588,(0.5_ 0.0_ 0.9)
392.6735,15.6474,1.158365,66.23887,1.44107,28.81048,354.5421,(0.5_ 0.0_ 0.9)
392.6847,15.69825,1.158395,66.29304,1.437042,29.15908,354.5327,(0.5_ 0.0_ 0.9)
392.696,15.75258,1.158403,66.35147,1.417168,29.47564,354.5554,(0.5_ 0.0_ 0.9)
392.7067,15.80025,1.158417,66.40119,1.386397,29.82612,354.5598,(0.5_ 0.0_ 0.9)
392.7178,15.85401,1.158446,66.4585,1.370902,30.22254,354.5573,(0.5_ 0.0_ 0.9)
392.7285,15.90088,1.15847,66.50648,1.351121,30.59653,354.5712,(0.5_ 0.0_ 0.9)
392.7402,15.95713,1.158506,66.56577,1.337114,30.97062,354.5804,(0.5_ 0.0_ 0.9)
392.7514,16.01192,1.158523,66.62323,1.308515,31.37875,354.5886,(0.5_ 0.0_ 0.9)
392.762,16.06222,1.158541,66.67523,1.290644,31.76174,354.6051,(0.5_ 0.0_ 0.9)
392.773,16.11637,1.158558,66.73131,1.282955,32.10618,354.5897,(0.5_ 0.0_ 0.8)
392.7844,16.16949,1.158551,66.78528,1.273325,32.53692,354.6111,(0.5_ 0.0_ 0.8)
392.7954,16.22362,1.158561,66.84074,1.268121,32.94352,354.6244,(0.5_ 0.0_ 0.8)
392.8095,16.28754,1.158567,66.90422,1.256319,33.37297,354.6373,(0.5_ 0.0_ 0.8)
392.8179,16.3293,1.158575,66.94638,1.250968,33.83968,354.6653,(0.6_ 0.0_ 0.8)
392.8285,16.37686,1.15858,66.99266,1.244891,34.32239,354.6903,(0.6_ 0.0_ 0.8)
392.8397,16.43244,1.158611,67.04837,1.246358,34.76455,354.698,(0.6_ 0.0_ 0.8)
392.851,16.48225,1.158579,67.09586,1.225957,35.20585,354.7401,(0.6_ 0.0_ 0.8)
392.8621,16.53646,1.158586,67.14922,1.209626,35.66128,354.7475,(0.6_ 0.0_ 0.8)
392.873,16.59159,1.158619,67.20357,1.212608,36.09428,354.7393,(0.6_ 0.0_ 0.8)
392.8842,16.64536,1.158659,67.25549,1.189109,36.59427,354.7219,(0.6_ 0.0_ 0.8)
392.8955,16.7022,1.158707,67.3109,1.152918,37.0977,354.7253,(0.6_ 0.0_ 0.8)
392.9061,16.75191,1.158777,67.35779,1.126783,37.59515,354.7406,(0.6_ 0.0_ 0.8)
392.9178,16.81156,1.158831,67.41533,1.084349,38.12451,354.7296,(0.6_ 0.0_ 0.8)
392.9285,16.86074,1.158865,67.46072,1.028944,38.6635,354.745,(0.6_ 0.0_ 0.8)
392.9399,16.91863,1.158936,67.51587,1.011101,39.18362,354.7536,(0.6_ 0.0_ 0.8)
392.9509,16.96813,1.158989,67.56058,0.992048,39.7053,354.7485,(0.6_ 0.0_ 0.8)
392.9622,17.02478,1.159004,67.61349,0.963329,40.21902,354.7744,(0.6_ 0.0_ 0.8)
392.9731,17.08087,1.159024,67.66602,0.954354,40.76549,354.8125,(0.7_ 0.0_ 0.8)
392.9843,17.13569,1.159062,67.71622,0.959283,41.30132,354.8187,(0.7_ 0.0_ 0.8)
392.9955,17.19386,1.159122,67.7701,0.974265,41.84022,354.852,(0.7_ 0.0_ 0.7)
393.0094,17.25952,1.159167,67.82887,0.951578,42.3704,354.8445,(0.7_ 0.0_ 0.7)
393.0178,17.30314,1.159238,67.86863,0.947858,42.95055,354.8816,(0.7_ 0.0_ 0.7)
393.0287,17.35446,1.159283,67.91361,0.89892,43.52252,354.92,(0.7_ 0.0_ 0.7)
393.0398,17.41271,1.159414,67.96635,0.894021,44.09604,354.9446,(0.7_ 0.0_ 0.7)
393.0512,17.4651,1.159474,68.01122,0.843129,44.65346,354.9884,(0.7_ 0.0_ 0.7)
393.0623,17.52214,1.15955,68.06184,0.812537,45.26394,355.0167,(0.7_ 0.0_ 0.7)
393.0734,17.58023,1.159622,68.11355,0.779344,45.86305,355.0399,(0.7_ 0.0_ 0.7)
393.0844,17.63572,1.159712,68.1617,0.76098,46.44935,355.0533,(0.7_ 0.0_ 0.7)
393.0955,17.6939,1.159713,68.21288,0.707791,47.07316,355.1063,(0.7_ 0.0_ 0.7)
393.106,17.74615,1.159734,68.25735,0.676847,47.7021,355.1391,(0.7_ 0.0_ 0.7)
393.1176,17.8076,1.159736,68.31082,0.639004,48.34105,355.1852,(0.7_ 0.0_ 0.7)
393.1285,17.86002,1.159767,68.3544,0.64379,48.98374,355.2141,(0.8_ 0.0_ 0.7)
393.1398,17.92046,1.159757,68.40633,0.588404,49.62881,355.2455,(0.8_ 0.0_ 0.6)
393.1511,17.97339,1.159788,68.44933,0.549432,50.2863,355.2813,(0.8_ 0.0_ 0.6)
393.1623,18.03199,1.159782,68.49872,0.485024,50.96434,355.2847,(0.8_ 0.0_ 0.6)
393.1733,18.09121,1.159788,68.54877,0.44776,51.64773,355.2881,(0.8_ 0.0_ 0.6)
393.1841,18.14704,1.159792,68.59484,0.425757,52.36495,355.3087,(0.8_ 0.0_ 0.6)
393.1953,18.20735,1.159798,68.64525,0.394342,53.03624,355.3162,(0.8_ 0.0_ 0.6)
